"deviceid","c_group","c_start","c_coordinates","X_c_coordinates_latitude","X_c_coordinates_longitude","X_c_coordinates_altitude","X_c_coordinates_precision","c_neighborhood","c_rainweek","c_participant_num","c_participant_gender","c_participant_female_obs","c_participant_male_obs","c_participant_female","c_participant_male","c_neighborhood_y","c_neighborhood_n","c_c_y","c_c_n","c_s_a","c_s_a_note","c_s_a_note_2","c_s_a_3","c_s_a_2","c_s_a_1","c_s_a_0","c_s_a_na","c_d_a","c_d_a_note","c_d_a_note_2","c_d_a_3","c_d_a_2","c_d_a_1","c_d_a_0","c_d_a_na","c_f_a","c_f_a_note","c_f_a_note_2","c_f_a_3","c_f_a_2","c_f_a_1","c_f_a_0","c_f_a_na","c_dw_a","c_dw_a_note","c_dw_a_note_2","c_dw_a_3","c_dw_a_2","c_dw_a_1","c_dw_a_0","c_dw_a_na","c_dw_e_wt","c_dw_e_wt_note","c_dw_e_wt_note_2","c_dw_e_wt_1","c_dw_e_wt_0","c_dw_e_wt_na","c_o_a","c_o_a_note","c_o_a_note_2","c_o_a_3","c_o_a_2","c_o_a_1","c_o_a_0","c_o_a_na","c_bw_a","c_bw_a_note","c_bw_a_note_2","c_bw_a_3","c_bw_a_2","c_bw_a_1","c_bw_a_0","c_bw_a_na","c_p_a","c_p_a_note","c_p_a_note_2","c_p_a_3","c_p_a_2","c_p_a_1","c_p_a_0","c_p_a_na","c_p_e_note","c_p_e_note_2","c_p_e_2","c_p_e_1","c_p_e_na","c_sf_a","c_sf_a_note","c_sf_a_note_2","c_sf_a_3","c_sf_a_2","c_sf_a_1","c_sf_a_0","c_sf_a_na","c_l_a","c_l_a_note","c_l_a_note_2","c_l_a_3","c_l_a_2","c_l_a_1","c_l_a_0","c_l_a_na","c_pl_a_th","c_pl_a_th_note","c_pl_a_th_note_2","c_pl_a_th_1","c_pl_a_th_0","c_pl_a_th_na","c_pl_a_tu_note","c_pl_a_tu_1","c_pl_a_tu_0","c_pl_a_tu_na","c_pl_a_tu_nl","c_pl_a_tw_note","c_pl_a_tw_note_2","c_pl_a_tw_1","c_pl_a_tw_0","c_pl_a_tw_na","c_pl_a_tw_nl","c_pl_a_tf_note","c_pl_a_tf_note_2","c_pl_a_tf_1","c_pl_a_tf_0","c_pl_a_tf_na","c_pl_a_tf_nl","c_mid","c_participant_female_obs_mid","c_participant_male_obs_mid","c_s_c","c_s_c_note","c_s_c_note_2","c_s_c_3","c_s_c_2","c_s_c_1","c_s_c_0","c_s_c_na","c_d_c","c_d_c_note","c_d_c_note_2","c_d_c_3","c_d_c_2","c_d_c_1","c_d_c_0","c_d_c_na","c_f_c","c_f_c_note","c_f_c_note_2","c_f_c_3","c_f_c_2","c_f_c_1","c_f_c_0","c_f_c_na","c_dw_c","c_dw_c_note","c_dw_c_note_2","c_dw_c_3","c_dw_c_2","c_dw_c_1","c_dw_c_0","c_dw_c_na","c_odw_c","c_o_c_note","c_o_c_note_2","c_o_c_3","c_o_c_2","c_o_c_1","c_o_c_0","c_o_c_na","c_bw_c","c_bw_c_note","c_bw_c_note_2","c_bw_c_3","c_bw_c_2","c_bw_c_1","c_bw_c_0","c_bw_c_na","c_p_c","c_p_c_note","c_p_c_note_2","c_p_c_3","c_p_c_2","c_p_c_1","c_p_c_0","c_p_c_na","c_sf_c","c_sf_c_note","c_sf_c_note_2","c_sf_c_3","c_sf_c_2","c_sf_c_1","c_sf_c_0","c_sf_c_na","c_l_c","c_l_c_note","c_l_c_note_2","c_l_c_3","c_l_c_2","c_l_c_1","c_l_c_0","c_l_c_na","c_end","c_participant_female_obs_end","c_participant_male_obs_end","c_notes","c_enum","X__version__","X_id","X_uuid","X_submission_time","X_index","c_odw_a","c_odw_a_note","c_odw_a_3","c_odw_a_2","c_odw_a_1","c_odw_a_0","c_odw_a_na","c_odw_a_other","c_odw_c_note","c_odw_c_3","c_odw_c_2","c_odw_c_1","c_odw_c_0","c_odw_c_na","c_odw_c_other","c_odw2_a","c_odw2_a_note","c_odw2_a_3","c_odw2_a_2","c_odw2_a_1","c_odw2_a_0","c_odw2_a_na","c_odw2_a_other","c_odw2_c","c_odw2_c_note","c_odw2_c_3","c_odw2_c_2","c_odw2_c_1","c_odw2_c_0","c_odw2_c_na","c_odw2_c_other","c_extra_data","dply_num","c_f_weekly","c_UID","c_date","c_participant_female.1","c_participant_male.1","neighb_UID","city"
359925060819104,"GROUP-C","2017-06-16T11:56:00.148+06","23.7677061 90.4306362 0.0 699.999",23.7677061,90.4306362,0,699.999,2,1,20,2,19,1,19,1,19,1,10,10,,,,20,0,0,0,0,,,,5,1,1,11,2,,,,17,1,2,0,0,,,,14,2,0,3,1,,,,18,2,0,,,,,,,,,,,,11,9,0,0,0,,,,17,2,0,0,1,,,17,3,0,,,,12,1,0,7,0,,,,15,1,2,2,0,,,,2,17,1,,20,0,0,0,,,15,5,0,0,,,10,9,0,0,,,,,,,10,0,0,0,0,,,,10,0,0,0,0,,,,10,0,0,0,0,,,,8,0,0,2,0,,,,,,,,,,,,6,0,4,0,0,,,,8,0,0,2,0,,,,10,0,0,0,0,,,,8,0,0,2,0,,19,1,"","9",,4516,"3bbd0c77-4449-4b6f-9fe7-04fee7b3524e","2017-06-18T07:08:52",1,,,3,1,0,14,2,,,2,0,0,8,0,,,,,,,,,,,,,,,,,,,2,1,"02_1000",2017-06-16,,,202,"Dhaka"
359925060819104,"GROUP-A","2017-06-16T12:01:00.706+06","23.770355863317786 90.42981503305226 -84.0 0.0",23.77035586,90.42981503,-84,0,2,1,13,2,12,1,12,1,13,0,6,7,,,,0,2,2,5,2,,,,3,5,0,0,2,,,,4,4,0,0,2,,,,6,1,2,0,0,,,,6,2,1,,,,,,,,,,,,4,1,0,0,4,,,,3,4,0,1,0,,,8,0,0,,,,1,0,3,2,2,,,,4,0,2,2,0,,,,3,1,4,,8,0,0,0,,,7,0,1,0,,,5,2,1,0,,,,,,,1,0,1,0,0,,,,1,1,0,0,0,,,,1,1,0,0,0,,,,1,0,0,1,0,,,,,,,,,,,,1,1,0,0,0,,,,1,1,0,0,0,,,,1,1,0,0,0,,,,1,1,0,0,0,,7,1,"","9",,4517,"be31094c-f46f-482b-baad-58b37801bea7","2017-06-18T07:28:04",2,,,3,0,2,4,0,,,0,1,1,0,0,,,,,,,,,,,,,,,,,,,2,1,"02_1001",2017-06-16,,,202,"Dhaka"
359925060425985,"GROUP-D","2017-06-14T14:22:00.475+06","23.727823330269196 90.37618821780329 1.0 0.0",23.72782333,90.37618822,1,0,8,1,20,2,10,10,10,10,20,0,11,9,,,,12,2,2,2,2,,,,17,2,0,0,1,,,,14,2,2,2,0,,,,20,0,0,0,0,,,,15,3,1,,,,,,,,,,,,12,3,3,0,0,,,,13,0,1,0,2,,,16,0,0,,,,6,2,4,4,0,,,,16,0,0,0,0,,,,0,16,0,,16,0,0,0,,,16,0,0,0,,,1,15,0,0,,,,,,,10,0,0,1,0,,,,11,0,0,0,0,,,,11,0,0,0,0,,,,11,0,0,0,0,,,,,,,,,,,,7,3,0,0,0,,,,11,0,0,0,0,,,,8,3,0,0,0,,,,11,0,0,0,0,,8,7,"","5",,4518,"5681f491-60d5-4452-a640-a8a0d79533d6","2017-06-18T09:14:44",3,,,0,0,0,19,0,,,0,0,0,11,0,,,,,,,,,,,,,,,,,,,2,1,"02_1002",2017-06-14,,,208,"Dhaka"
359925060425985,"GROUP-B","2017-06-14T14:37:00.994+06","23.725779058916107 90.37281580866807 -47.77970559801906 15.0",23.72577906,90.37281581,-47.7797056,15,8,1,20,2,10,10,10,10,19,1,11,9,,,,2,1,0,11,4,,,,3,2,3,6,4,,,,10,2,2,1,3,,,,18,0,0,0,0,,,,2,11,5,,,,,,,,,,,,6,8,2,1,0,,,,7,1,5,2,2,,,17,0,0,,,,6,1,8,1,1,,,,14,0,0,2,1,,,,13,4,0,,17,0,0,0,,,16,0,0,1,,,8,7,2,0,,,,,,,1,0,0,11,0,,,,0,0,0,11,0,,,,0,2,2,6,1,,,,11,0,0,0,0,,,,,,,,,,,,4,4,0,0,3,,,,1,2,1,7,0,,,,5,2,1,3,0,,,,0,0,9,2,0,,8,8,"","5",,4519,"92cbeeee-1cd1-44ec-9527-686a72483e8e","2017-06-18T09:14:59",4,,,0,0,0,18,0,,,0,1,2,3,5,,,,,,,,,,,,,,,,,,,2,1,"02_1003",2017-06-14,,,208,"Dhaka"
359925060106239,"GROUP-C","2017-06-14T09:30:00.148+06","23.70769858240054 90.3611628782375 0.0 0.0",23.70769858,90.36116288,0,0,8,1,16,2,12,4,12,4,16,0,14,2,,,,,,,,,,,,12,1,0,2,1,,,,13,0,0,2,1,,,,16,0,0,0,0,,,,12,4,0,,,,,,,,,,,,6,2,4,0,4,,,,7,3,2,3,1,,,15,1,0,,,,2,1,3,9,1,,,,5,0,2,8,1,,,,10,6,0,,10,0,0,6,,,9,1,0,6,,,1,9,0,6,,,,,,,,,,,,,,,6,0,1,2,5,,,,10,0,0,4,0,,,,13,1,0,0,0,,,,,,,,,,,,4,3,3,0,4,,,,4,1,1,7,1,,,,4,1,0,6,3,,,,4,1,9,0,0,,12,4,"","1",,4520,"04b97646-9f85-4c3f-94b0-a2eecbd8b2a9","2017-06-18T09:16:57",5,,,0,0,0,16,0,,,0,0,0,14,0,,,,,,,,,,,,,,,,,,,2,1,"02_1004",2017-06-14,,,208,"Dhaka"
359925061257478,"GROUP-D","2017-06-14T12:54:00.202+06","23.697635454142826 90.431165933477 -26.0 0.0",23.69763545,90.43116593,-26,0,7,1,20,2,13,7,13,7,20,0,14,6,,,,9,6,2,2,1,,,,7,1,2,4,6,,,,11,4,2,1,2,,,,2,2,0,16,0,,,,0,20,0,,,,,,,,,,,,5,5,3,0,6,,,,8,4,1,3,3,,,17,2,0,,,,7,1,2,5,4,,,,9,2,1,5,2,,,,5,14,0,,19,0,0,0,,,18,1,0,0,,,6,13,0,0,,,,,,,9,1,1,2,1,,,,8,3,1,1,1,,,,8,2,1,0,3,,,,6,3,1,4,0,,,,,,,,,,,,12,1,0,0,1,,,,9,4,1,0,0,,,,11,2,1,0,0,,,,5,1,3,4,1,,12,7,,"18",,4522,"f9709689-f36b-4875-bfc3-1f794243da9a","2017-06-18T09:19:04",6,,,16,3,1,0,0,,,5,7,1,0,1,,,,,,,,,,,,,,,,,,,2,1,"02_1005",2017-06-14,,,207,"Dhaka"
359925061278375,"GROUP-C","2017-06-14T14:15:00.501+06","23.8228727 90.3793966 0.0 1100.0",23.8228727,90.3793966,0,1100,1,1,20,2,17,3,17,3,19,1,15,5,,,,2,1,1,13,3,,,,15,3,2,0,0,,,,17,2,1,0,0,,,,18,0,0,2,0,,,,0,20,0,,,,,,,,,,,,3,14,3,0,0,,,,9,4,1,2,4,,,20,0,0,,,,3,1,9,5,2,,,,11,1,0,8,0,,,,8,12,0,,8,0,0,12,,,19,0,1,0,,,5,15,0,0,,,,,,,3,2,0,0,10,,,,15,0,0,0,0,,,,15,0,0,0,0,,,,13,0,0,2,0,,,,,,,,,,,,12,3,0,0,0,,,,15,0,0,0,0,,,,11,4,0,0,0,,,,11,2,0,2,0,,12,3,"Good respons","29",,4525,"1ceee481-03e0-465e-b093-03b8a2f9e4c9","2017-06-18T09:20:25",7,,,2,0,0,18,0,,,2,0,0,13,0,,,,,,,,,,,,,,,,,,,2,1,"02_1006",2017-06-14,,,201,"Dhaka"
359925061276692,"GROUP-C","2017-06-14T12:45:00.236+06","23.698882595986294 90.43025868575725 -10.0 0.0",23.6988826,90.43025869,-10,0,7,1,16,2,14,2,14,2,16,0,14,2,,,,5,2,4,5,0,,,,10,1,1,3,1,,,,10,0,3,2,1,,,,14,0,0,1,0,,,,7,8,0,,,,,,,,,,,,3,12,0,0,0,,,,9,0,4,0,2,,,14,2,0,,,,5,6,5,0,0,,,,14,0,0,2,0,,,,2,14,0,,15,0,0,0,,,13,2,0,0,,,13,2,0,0,,,,,,,10,4,0,0,0,,,,5,8,0,0,0,,,,10,0,2,2,0,,,,14,0,0,0,0,,,,,,,,,,,,13,0,0,0,0,,,,4,0,2,4,3,,,,11,1,1,0,0,,,,11,0,0,2,0,,14,2,"","21",,4527,"ab008857-2f51-4ada-b2c9-f8e0f614ad41","2017-06-18T09:24:11",8,,,1,0,0,14,0,,,0,0,0,14,0,,,,,,,,,,,,,,,,,,,2,1,"02_1007",2017-06-14,,,207,"Dhaka"
359925061190497,"GROUP-A","2017-06-14T11:52:00.119+06","23.768970219096545 90.43031763542122 -79.0 0.0",23.76897022,90.43031764,-79,0,2,1,18,2,17,1,17,1,18,0,10,8,,,,12,0,6,0,0,,,,18,0,0,0,0,,,,18,0,0,0,0,,,,18,0,0,0,0,,,,6,10,2,,,,,,,,,,,,1,15,2,0,0,,,,12,0,2,4,0,,,17,1,0,,,,8,0,5,4,1,,,,17,1,0,0,0,,,,1,17,0,,18,0,0,0,,,18,0,0,0,,,18,0,0,0,,,,,,,11,0,0,0,0,,,,11,0,0,0,0,,,,11,0,0,0,0,,,,11,0,0,0,0,,,,,,,,,,,,11,0,0,0,0,,,,9,0,2,0,0,,,,2,5,4,0,0,,,,11,0,0,0,0,,17,1,"","13",,4531,"3c751cf6-755b-4d8e-8d8d-15ede73f8868","2017-06-18T09:24:52",9,,,2,11,1,3,1,,,0,0,1,10,0,,,,,,,,,,,,,,,,,,,2,1,"02_1008",2017-06-14,,,202,"Dhaka"
359925061283656,"GROUP-A","2017-06-14T11:54:00.019+06","23.779684560767826 90.3409758813692 -79.0 0.0",23.77968456,90.34097588,-79,0,3,1,16,2,10,6,10,6,16,0,3,13,,,,2,0,0,11,3,,,,6,0,1,4,5,,,,12,0,0,0,4,,,,1,1,0,11,3,,,,1,13,2,,,,,,,,,,,,3,5,3,0,5,,,,1,0,1,10,4,,,14,0,2,,,,11,0,0,2,3,,,,6,0,4,1,5,,,,0,15,1,,0,6,2,8,,,1,13,1,1,,,0,0,2,14,,,,,,,0,0,0,3,0,,,,2,0,1,0,0,,,,3,0,0,0,0,,,,0,0,0,3,0,,,,,,,,,,,,0,3,0,0,0,,,,0,0,1,0,2,,,,1,0,0,0,2,,,,2,1,0,0,0,,10,6,,"37",,4536,"67af0a8b-0f00-4f08-8e49-a02a24431076","2017-06-18T09:27:20",10,,,16,0,0,0,0,,,3,0,0,0,0,,,,,,,,,,,,,,,,,,,2,1,"02_1009",2017-06-14,,,203,"Dhaka"
359925061283656,"GROUP-A","2017-06-14T11:54:00.019+06","23.779684560767826 90.3409758813692 -79.0 0.0",23.77968456,90.34097588,-79,0,3,1,16,2,10,6,10,6,16,0,3,13,,,,2,0,0,11,3,,,,6,0,1,4,5,,,,12,0,0,0,4,,,,1,1,0,11,3,,,,1,13,2,,,,,,,,,,,,3,5,3,0,5,,,,1,0,1,10,4,,,14,0,2,,,,11,0,0,2,3,,,,6,0,4,1,5,,,,0,15,1,,0,6,2,8,,,1,13,1,1,,,0,0,2,14,,,,,,,0,0,0,3,0,,,,2,0,1,0,0,,,,3,0,0,0,0,,,,0,0,0,3,0,,,,,,,,,,,,0,3,0,0,0,,,,0,0,1,0,2,,,,1,0,0,0,2,,,,2,1,0,0,0,,10,6,,"37",,4541,"fb170ca8-35d9-4f1d-af63-10759dbfdc8b","2017-06-18T09:29:49",11,,,16,0,0,0,0,,,3,0,0,0,0,,,,,,,,,,,,,,,,,,,2,1,"02_1010",2017-06-14,,,203,"Dhaka"
359925061276692,"GROUP-C","2017-06-14T12:45:00.236+06","23.698882595986294 90.43025868575725 -10.0 0.0",23.6988826,90.43025869,-10,0,7,1,16,2,14,2,14,2,16,0,14,2,,,,5,2,4,5,0,,,,10,1,1,3,1,,,,10,0,3,2,1,,,,14,0,0,1,0,,,,7,8,0,,,,,,,,,,,,3,12,0,0,0,,,,9,0,4,0,2,,,14,2,0,,,,5,6,5,0,0,,,,14,0,0,2,0,,,,2,14,0,,15,0,0,0,,,13,2,0,0,,,13,2,0,0,,,,,,,10,4,0,0,0,,,,5,8,0,0,0,,,,10,0,2,2,0,,,,14,0,0,0,0,,,,,,,,,,,,13,0,0,0,0,,,,4,0,2,4,3,,,,11,1,1,0,0,,,,11,0,0,2,0,,14,2,"","21",,4542,"4eb5f028-7bb7-4b46-ac94-4b7762424b93","2017-06-18T09:29:50",12,,,1,0,0,14,0,,,0,0,0,14,0,,,,,,,,,,,,,,,,,,,2,1,"02_1011",2017-06-14,,,207,"Dhaka"
359925061279597,"GROUP-D","2017-06-14T11:58:00.720+06","23.779397232050133 90.34021050479576 -76.13229100499302 10.0",23.77939723,90.3402105,-76.13229101,10,3,1,20,2,19,1,19,1,18,2,18,2,,,,19,1,0,0,0,,,,12,1,0,5,2,,,,15,1,1,2,1,,,,3,0,1,9,7,,,,1,18,0,,,,,,,,,,,,2,12,1,0,4,,,,9,0,4,1,6,,,13,6,1,,,,9,3,1,2,5,,,,14,1,2,1,2,,,,,,,,,,,,,,,,,,,,,,,,,,,,,,8,1,3,3,3,,,,7,5,2,3,0,,,,0,9,1,2,4,,,,0,0,0,16,0,,,,,,,,,,,,7,5,3,0,0,,,,7,3,0,2,3,,,,7,6,1,1,0,,,,10,1,1,0,3,,14,1,,"33",,4543,"c4d560df-a86a-445d-be47-e2aefd6a429f","2017-06-18T09:30:24",13,,,17,1,1,0,0,,,16,0,0,0,0,,,,,,,,,,,,,,,,,,,2,1,"02_1012",2017-06-14,,,203,"Dhaka"
359925061326661,"GROUP-C","2017-06-14T12:03:00.414+06","23.724255052404683 90.42749958312521 -95.0 0.0",23.72425505,90.42749958,-95,0,6,1,17,1,,,17,0,17,0,14,3,,,,,,,,,,,,,,,,,,,,,,,,,,,,17,0,0,0,0,,,,0,17,0,,,,,,,,,,,,8,2,7,0,0,,,,9,2,0,3,3,,,15,2,0,,,,7,4,6,0,0,,,,17,0,0,0,0,,,,0,17,0,,0,0,0,17,,,0,0,0,17,,,0,0,0,17,,,,,,,,,,,,,,,,,,,,,,,,,,,,,,,14,0,0,0,0,,,,,,,,,,,,14,0,0,0,0,,,,12,1,0,1,0,,,,10,4,0,0,0,,,,14,0,0,0,0,,,,"17","45",,4550,"f52dfb85-f4a4-4e95-88c2-7c33e849f267","2017-06-18T09:33:25",14,,,0,0,0,17,0,,,0,0,0,14,0,,,,,,,,,,,,,,,,,,,2,1,"02_1013",2017-06-14,,,206,"Dhaka"
359925061326661,"GROUP-C","2017-06-14T12:03:00.414+06","23.724255052404683 90.42749958312521 -95.0 0.0",23.72425505,90.42749958,-95,0,6,1,17,1,,,17,0,17,0,14,3,,,,,,,,,,,,,,,,,,,,,,,,,,,,17,0,0,0,0,,,,0,17,0,,,,,,,,,,,,8,2,7,0,0,,,,9,2,0,3,3,,,15,2,0,,,,7,4,6,0,0,,,,17,0,0,0,0,,,,0,17,0,,0,0,0,17,,,0,0,0,17,,,0,0,0,17,,,,,,,,,,,,,,,,,,,,,,,,,,,,,,,14,0,0,0,0,,,,,,,,,,,,14,0,0,0,0,,,,12,1,0,1,0,,,,10,4,0,0,0,,,,14,0,0,0,0,,,,"17","45",,4551,"9c9c89cc-a170-4637-940a-c550f7bdc013","2017-06-18T09:34:06",15,,,0,0,0,17,0,,,0,0,0,14,0,,,,,,,,,,,,,,,,,,,2,1,"02_1014",2017-06-14,,,206,"Dhaka"
359925061257478,"GROUP-A","2017-06-14T13:15:00.376+06","23.70704207220844 90.4258564666114 -44.0 0.0",23.70704207,90.42585647,-44,0,7,1,20,2,9,11,9,11,20,0,14,6,,,,7,2,1,10,0,,,,12,1,3,1,3,,,,9,2,3,3,2,,,,13,2,1,2,1,,,,6,13,0,,,,,,,,,,,,10,1,0,3,5,,,,14,1,2,0,2,,,16,3,0,,,,0,11,8,0,0,,,,6,8,5,0,0,,,,0,19,0,,19,0,0,0,,,10,9,0,0,,,10,9,0,0,,,,,,,6,3,3,2,0,,,,12,1,1,0,0,,,,12,1,0,1,0,,,,10,2,0,0,2,,,,,,,,,,,,13,1,0,0,0,,,,1,12,1,0,0,,,,13,1,0,0,0,,,,10,0,2,1,1,,8,9,,"18",,4552,"17b214b4-052a-46ca-81c5-695a359cca5d","2017-06-18T09:36:36",16,,,8,3,2,4,2,,,6,1,2,4,1,,,,,,,,,,,,,,,,,,,2,1,"02_1015",2017-06-14,,,207,"Dhaka"
359925061326661,"GROUP-B","2017-06-14T12:28:00.230+06","23.72445455533596 90.42750198879705 -56.0 0.0",23.72445456,90.42750199,-56,0,6,1,17,2,11,6,11,6,17,0,9,8,,,,,,,,,,,,,,,,,,,,,,,,,,,,17,0,0,0,0,,,,6,8,2,,,,,,,,,,,,6,4,1,0,5,,,,11,1,0,3,1,,,13,0,3,,,,4,5,5,0,2,,,,13,3,0,0,0,,,,,,,,,,,,,,,,,,,,,,,,,,,,,,,,,,,,,,,,,,,,,,,,,,,,,,9,0,0,0,0,,,,,,,,,,,,4,1,0,0,4,,,,3,0,0,1,5,,,,0,4,0,1,4,,,,6,0,0,0,3,,11,5,"","45",,4555,"e92fffb2-089a-4cf0-8f89-ace4d865866e","2017-06-18T09:37:18",17,,,0,0,0,11,4,,,0,0,0,9,0,,,,,,,,,,,,,,,,,,,2,1,"02_1016",2017-06-14,,,206,"Dhaka"
359925061278375,"GROUP-B","2017-06-15T11:26:00.531+06","23.8228756 90.3782195 0.0 1100.0",23.8228756,90.3782195,0,1100,1,1,20,2,10,10,10,10,20,0,16,4,,,,1,0,6,8,5,,,,16,2,2,0,0,,,,18,1,0,0,0,,,,16,1,1,1,0,,,,1,4,14,,,,,,,,,,,,1,8,2,2,6,,,,13,1,2,1,0,,,15,0,2,,,,7,1,2,7,0,,,,11,3,2,1,0,,,,2,14,1,,2,13,2,0,,,14,0,3,0,,,3,13,0,0,,,,,,,2,2,2,5,5,,,,9,4,2,0,1,,,,10,0,1,2,3,,,,11,3,0,0,0,,,,,,,,,,,,13,1,0,0,0,,,,10,2,2,0,0,,,,11,2,1,0,0,,,,2,4,8,0,0,,10,4,,"29",,4556,"63cd1c9a-f714-40f0-9848-e7ecaca604ff","2017-06-18T09:37:18",18,,,9,2,2,5,1,,,12,2,0,0,0,,,,,,,,,,,,,,,,,,,2,1,"02_1017",2017-06-15,,,201,"Dhaka"
359925061279597,"GROUP-C","2017-06-14T12:04:00.004+06","23.779777058592927 90.3399525902447 -54.0 0.0",23.77977706,90.33995259,-54,0,3,1,12,2,4,8,4,8,11,1,6,6,,,,8,1,1,1,1,,,,2,0,4,3,3,,,,3,1,2,0,6,,,,1,1,0,2,8,,,,1,5,6,,,,,,,,,,,,1,2,1,1,7,,,,5,0,2,0,4,,,7,1,3,,,,4,1,0,1,5,,,,4,0,0,1,5,,,,2,1,7,,3,1,0,6,,,3,2,2,3,,,0,3,7,0,,,,,,,1,0,0,2,4,,,,2,0,0,1,3,,,,2,0,1,0,4,,,,2,0,0,1,4,,,,,,,,,,,,2,0,1,1,3,,,,2,2,1,0,2,,,,1,0,3,2,1,,,,1,1,2,0,3,,4,8,,"33",,4818,"62f09246-9416-4d99-8425-736932a4fdc1","2017-06-19T08:38:26",19,,,8,0,1,0,3,,,2,1,0,0,4,,,,,,,,,,,,,,,,,,,2,1,"02_1018",2017-06-14,,,203,"Dhaka"
359925061276692,"GROUP-B","2017-06-14T13:15:00.926+06","23.70644589147556 90.4261910675171 -41.0 0.0",23.70644589,90.42619107,-41,0,7,1,18,2,12,6,12,6,18,0,14,4,,,,2,1,0,14,1,,,,8,2,2,3,3,,,,10,2,2,2,2,,,,17,0,0,0,1,,,,6,10,2,,,,,,,,,,,,12,5,1,0,0,,,,10,6,0,1,1,,,17,1,0,,,,9,2,4,2,1,,,,11,1,3,3,0,,,,4,13,0,,4,1,0,12,,,15,2,0,0,,,0,5,11,1,,,,,,,9,2,2,1,0,,,,3,8,3,0,0,,,,5,1,5,1,1,,,,12,1,0,0,0,,,,,,,,,,,,9,3,1,0,0,,,,10,3,1,0,0,,,,10,2,0,2,0,,,,7,4,0,3,0,,12,6,"","21",,4819,"c40b24f9-33c7-49f6-ad23-f3071cc35f6e","2017-06-19T08:38:26",20,,,2,2,1,12,1,,,2,3,1,6,1,,,,,,,,,,,,,,,,,,,2,1,"02_1019",2017-06-14,,,207,"Dhaka"
359925061190497,"GROUP-A","2017-06-14T11:52:00.119+06","23.768970219096545 90.43031763542122 -79.0 0.0",23.76897022,90.43031764,-79,0,2,1,18,2,17,1,17,1,18,0,10,8,,,,12,0,6,0,0,,,,18,0,0,0,0,,,,18,0,0,0,0,,,,18,0,0,0,0,,,,6,10,2,,,,,,,,,,,,1,15,2,0,0,,,,12,0,2,4,0,,,17,1,0,,,,8,0,5,4,1,,,,17,1,0,0,0,,,,1,17,0,,18,0,0,0,,,18,0,0,0,,,18,0,0,0,,,,,,,11,0,0,0,0,,,,11,0,0,0,0,,,,11,0,0,0,0,,,,11,0,0,0,0,,,,,,,,,,,,11,0,0,0,0,,,,9,0,2,0,0,,,,2,5,4,0,0,,,,11,0,0,0,0,,17,1,"","13",,4907,"c401e35b-4cc8-488e-a2b6-dc63e8172698","2017-06-20T03:43:27",21,,,2,11,1,3,1,,,0,0,1,10,0,,,,,,,,,,,,,,,,,,,2,1,"02_1020",2017-06-14,,,202,"Dhaka"
359925061190497,"GROUP-D","2017-06-14T14:41:00.512+06","23.77182680940683 90.42955018741954 -31.0 0.0",23.77182681,90.42955019,-31,0,2,1,18,2,15,3,15,3,18,0,12,6,,,,4,2,1,11,0,,,,12,2,3,1,0,,,,17,0,0,0,0,,,,17,0,0,0,0,,,,3,14,0,,,,,,,,,,,,7,10,0,0,0,,,,12,5,0,0,0,,,16,1,0,,,,12,3,2,0,0,,,,16,0,0,1,0,,,,1,16,0,,17,0,0,0,,,12,5,0,0,,,17,0,0,0,,,,,,,12,0,0,0,0,,,,11,0,0,1,0,,,,12,0,0,0,0,,,,12,0,0,0,0,,,,,,,,,,,,2,10,0,0,0,,,,2,8,2,0,0,,,,5,5,2,0,0,,,,11,0,0,1,0,,14,3,"","13",,4908,"d9989283-578e-41b6-9b90-6f214a510222","2017-06-20T03:43:35",22,,,0,0,0,17,0,,,0,0,0,12,0,,,,,,,,,,,,,,,,,,,2,1,"02_1021",2017-06-14,,,202,"Dhaka"
359925061286956,"GROUP-A","2017-06-14T12:09:00.923+06","23.724445711783762 90.42745945646459 -64.99561470001936 5.0",23.72444571,90.42745946,-64.9956147,5,6,1,20,2,14,6,14,6,20,0,9,11,,,,,,,,,,,,,,,,,,,,,,,,,,,,20,0,0,0,0,,,,4,13,3,,,,,,,,,,,,10,7,3,0,0,,,,8,6,4,2,0,,,17,0,3,,,,15,0,5,0,0,,,,14,2,0,0,4,,,,7,13,0,,7,10,3,0,,,16,4,0,0,,,0,20,0,0,,,,,,,,,,,,,,,,,,,,,,,,,,,,,,,8,1,0,0,0,,,,,,,,,,,,5,4,0,0,0,,,,3,3,0,2,1,,,,9,0,0,0,0,,,,7,1,0,0,1,,14,6,,"41",,4920,"0eccf13c-7308-4b57-b690-bfb6d6cafe60","2017-06-20T04:07:29",23,,,4,1,0,10,5,,,5,3,1,0,0,,,,,,,,,,,,,,,,,,,2,1,"02_1022",2017-06-14,,,206,"Dhaka"
359925061286956,"GROUP-D","2017-06-14T12:13:00.137+06","23.72439983497749 90.42748735902673 -60.86996489204466 10.0",23.72439984,90.42748736,-60.86996489,10,6,1,17,2,16,1,16,1,17,0,16,1,,,,,,,,,,,,,,,,,,,,,,,,,,,,16,1,0,0,0,,,,4,12,1,,,,,,,,,,,,3,12,0,0,2,,,,12,2,1,0,2,,,15,1,1,,,,5,5,5,0,2,,,,12,3,1,0,1,,,,1,16,0,,1,0,0,16,,,1,0,0,16,,,0,1,0,16,,,,,,,,,,,,,,,,,,,,,,,,,,,,,,,16,0,0,0,0,,,,,,,,,,,,12,3,0,0,1,,,,4,3,3,5,1,,,,10,2,2,2,0,,,,14,1,1,0,0,,16,1,,"41",,4921,"e77c4a51-4bdf-4b6b-8a82-7ff525acc1be","2017-06-20T04:08:50",24,,,1,0,0,16,0,,,0,0,0,16,0,,,,,,,,,,,,,,,,,,,2,1,"02_1023",2017-06-14,,,206,"Dhaka"
359925061283656,"GROUP-B","2017-06-14T12:06:00.482+06","23.779556511895866 90.34109272030182 -106.0 0.0",23.77955651,90.34109272,-106,0,3,1,20,1,,,20,0,20,0,16,4,,,,5,4,6,3,2,,,,13,0,1,4,2,,,,14,2,1,2,1,,,,,,,,,,,,0,20,0,,,,,,,,,,,,11,8,1,0,0,,,,13,3,4,0,0,,,20,0,0,,,,14,2,3,1,0,,,,20,0,0,0,0,,,,,,,,,,,,,,,,,,,,,,,,,,,,,,16,0,0,0,0,,,,16,0,0,0,0,,,,16,0,0,0,0,,,,,,,,,,,,,,,,,,,,16,0,0,0,0,,,,16,0,0,0,0,,,,16,0,0,0,0,,,,16,0,0,0,0,,,,,"37",,4961,"862e4791-8ea3-4470-9fe0-e703930e39fa","2017-06-20T05:07:59",25,,,20,0,0,0,0,,,16,0,0,0,0,,,,,,,,,,,,,,,,,,,2,1,"02_1024",2017-06-14,,,203,"Dhaka"
359925061277617,"GROUP-D","2017-06-14T11:46:00.543+06","23.8228756 90.3782195 0.0 1100.0",23.8228756,90.3782195,0,1100,1,1,19,2,16,3,16,3,14,5,14,5,,,,11,1,1,3,3,,,,13,1,0,2,3,,,,11,1,2,2,3,,,,11,3,0,2,3,,,,11,6,2,,,,,,,,,,,,5,5,0,3,6,,,,16,3,0,0,0,,,16,2,1,,,,13,3,1,0,2,,,,11,3,1,2,2,,,,9,8,2,,16,2,1,1,,,14,3,0,2,,,4,8,1,4,,,,,,,6,0,3,3,3,,,,7,2,1,2,2,,,,5,3,3,2,1,,,,7,2,2,2,1,,,,,,,,,,,,3,3,0,4,3,,,,9,1,2,2,0,,,,9,2,2,1,0,,,,6,3,0,2,3,,16,3,"Good respon","25",,4964,"7c1776f4-0ada-4512-a18b-ffac9083159c","2017-06-20T05:09:59",26,,,17,0,0,0,2,,,9,0,2,0,3,,,,,,,,,,,,,,,,,,,2,1,"02_1025",2017-06-14,,,201,"Dhaka"
359925061277617,"GROUP-A","2017-06-15T13:50:00.759+06","23.823194129625257 90.37896355739014 3.0 0.0",23.82319413,90.37896356,3,0,1,1,20,2,17,3,18,2,19,1,15,5,,,,1,0,0,7,11,,,,5,0,9,5,0,,,,3,1,2,1,12,,,,4,0,0,0,13,,,,13,0,1,,,,,,,,,,,,3,12,0,0,0,,,,5,3,2,6,0,,,10,5,0,,,,3,2,0,5,6,,,,4,9,0,0,0,,,,8,7,0,,0,0,0,13,,,12,3,0,0,,,3,3,2,6,,,,,,,0,1,0,3,9,,,,5,1,1,2,3,,,,9,1,0,1,2,,,,9,0,1,0,2,,,,,,,,,,,,4,0,2,1,5,,,,3,1,5,1,1,,,,4,3,2,3,0,,,,1,0,1,7,4,,10,3,"Na","25",,4965,"5bf72724-fd58-4fb3-9272-58f6cd261eb5","2017-06-20T05:10:02",27,,,2,1,1,10,0,,,2,2,0,1,7,,,,,,,,,,,,,,,,,,,2,1,"02_1026",2017-06-15,,,201,"Dhaka"
359925060106239,"GROUP-A","2017-06-10T15:00:00.922+06","23.72551380325783 90.37145086913556 9.0 0.0",23.7255138,90.37145087,9,0,8,1,17,2,13,4,13,4,17,0,16,1,,,,1,0,4,11,1,,,,8,1,3,4,1,,,,12,1,1,2,1,,,,14,0,0,3,0,,,,15,2,0,,,,,,,,,,,,6,5,3,0,3,,,,7,1,4,4,1,,,16,1,0,,,,4,1,1,9,2,,,,10,2,1,2,1,,,,7,7,2,,7,0,2,7,,,5,2,2,7,,,7,0,2,7,,,,,,,2,2,0,6,6,,,,3,2,0,5,5,,,,7,1,3,3,1,,,,12,1,0,2,0,,,,,,,,,,,,5,5,4,2,0,,,,6,1,4,3,2,,,,9,3,3,1,0,,,,6,2,4,2,2,,13,4,"","1",,4967,"dd458a6c-4ceb-4e94-9329-0e3d7676fd75","2017-06-20T05:13:30",28,,,2,5,1,6,3,,,6,1,0,5,3,,,,,,,,,,,,,,,,,,,2,1,"02_1027",2017-06-10,,,208,"Dhaka"
,"Female","2016-07-21 16:29:38","5.57584582 -0.20522697 53.0 5.0",5.57584582,-0.20522697,53,5,3,,15,0,15,0,15,0,15,,,,,,,,,,,,,,,5,2,5,2,1,,,,10,1,0,4,,,,,7,4,1,1,2,,,,6,,,,,,,,,,,,,,,,,,,,,,4,4,5,2,,,,,,,,,,,,,,,,,,7,3,1,4,,,,,10,5,,,5,,,5,,,7,3,,5,,,2,8,,5,,,,,,,,,,,,,,,2,2,0,2,2,,,,1,2,4,1,0,,,,3,2,0,1,2,,,,,,,,,,,,,,,,,,,,1,2,4,1,0,,,,,,,,,,,,6,2,0,0,0,,,,,"Irving, Solomon",,,,,,,,,,,,,,,,,,,,,,,,,,,,,,,,,,,,,,3,0,"03_0001",2016-07-21,,,303,"Accra"
,"shiabu male group","2016-03-21 11:24:52","5.5251815 -0.25671541 64.0 11.0",5.5251815,-0.25671541,64,11,1,,20,1,0,20,0,20,20,,,,,,,14,2,2,2,,,,,19,0,0,1,,,,,14,1,1,4,,,,,16,0,0,4,0,,,,0,,,,,,17,1,0,1,,,,,,,,,,,,,9,1,1,8,,,,,,,,,,,,,,,,,,16,1,1,2,,,,,2,,,,2,,,,,,1,2,,15,,,1,1,,16,,,,,,,0,0,0,0,0,,,,0,0,0,0,0,,,,0,0,0,0,0,,,,0,0,0,0,0,,,,0,0,0,0,0,,,,,,,,,,,,0,0,0,0,0,,,,,,,,,,,,0,0,0,0,0,,,,"Facillitator should be able to speak the local language.

respondents would prefer to tick answers on a sheet instead of voting with envelope.

respondents complained about duration of the survey.",".",,,,,,,,,,,,,,,,,,,,,,,,,,,,,,,,,,,,,,3,0,"03_0002",2016-03-21,,,301,"Accra"
,"MALE","2016-07-21 16:50:06","5.57566533 -0.20540422 85.0 12.0",5.57566533,-0.20540422,85,12,3,,14,1,0,14,0,14,14,,,,,,,,,,,,,,,6,6,2,0,0,,,,6,3,3,2,,,,,4,4,4,4,0,,,,4,,,,,,,,,,,,,,,,,,,,,,3,7,2,2,,,,,,,,,,,,,,,,,,6,6,2,0,,,,,11,3,,,9,,,5,,,9,2,,3,,,0,11,,3,,,,,,,,,,,,,,,2,0,1,1,2,,,,2,2,0,0,4,,,,2,2,2,0,0,,,,,,,,,,,,,,,,,,,,5,1,0,0,0,,,,,,,,,,,,0,1,3,0,2,,,,,"MICHAEL",,,,,,,,,,,,,,,,,,,,,,,,,,,,,,,,,,,,,,3,0,"03_0003",2016-07-21,,,303,"Accra"
,"Female","2016-06-15 12:21:07","5.56129011 -0.21149583 13.0 5.0",5.56129011,-0.21149583,13,5,5,,15,0,15,0,15,0,15,,,,,,,,,,,,,,,7,1,2,3,2,,,,12,1,1,1,,,,,9,1,0,4,1,,,,0,,,,,,,,,,,,,,,,,,,,,,8,7,0,0,,,,,,,,,,,,,,,,,,9,1,3,2,,,,,12,3,,,9,,,3,,,9,3,,3,,,5,7,,3,,,,,,,,,,,,,,,5,0,1,0,1,,,,5,2,0,0,0,,,,5,0,1,1,0,,,,,,,,,,,,,,,,,,,,4,2,0,0,1,,,,,,,,,,,,6,0,0,0,1,,,,,"Irving, Micheal, Fred",,,,,,,,,,,,,,,,,,,,,,,,,,,,,,,,,,,,,,3,0,"03_0004",2016-06-15,,,305,"Accra"
,"Male","2016-06-14 11:06:26","5.56123744 -0.21146781 45.0 5.0",5.56123744,-0.21146781,45,5,5,,15,1,0,15,0,15,15,,,,,,,,,,,,,,,5,0,3,1,6,,,,8,0,2,5,,,,,7,2,2,0,4,,,,6,,,,,,,,,,,,,,,,,,,,,,8,1,3,3,,,,,,,,,,,,,,,,,,7,3,2,3,,,,,10,5,,,8,,,5,,,10,0,,5,,,2,8,,5,,,,,,,,,,,,,,,4,1,0,1,0,,,,0,1,1,4,1,,,,3,1,1,1,1,,,,,,,,,,,,,,,,,,,,1,2,1,2,1,,,,,,,,,,,,5,1,1,0,0,,,,,"Irving",,,,,,,,,,,,,,,,,,,,,,,,,,,,,,,,,,,,,,3,0,"03_0011",2016-06-14,,,305,"Accra"
,"Female","2016-07-04 17:28:42","5.56452237 -0.18342609 46.0 5.0",5.56452237,-0.18342609,46,5,4,,8,0,8,0,8,0,8,,,,,,,,,,,,,,,2,2,3,0,1,,,,8,0,0,0,,,,,1,1,2,0,3,,,,1,,,,,,,,,,,,,,,,,,,,,,2,4,1,0,,,,,,,,,,,,,,,,,,0,0,2,5,,,,,8,0,,,8,,,0,,,8,0,,0,,,1,7,,0,,,,,,,,,,,,,,,0,3,0,2,0,,,,3,1,0,0,1,,,,0,1,0,1,3,,,,,,,,,,,,,,,,,,,,2,2,0,0,1,,,,,,,,,,,,0,3,0,1,1,,,,,"Solomon, Ethel, Irving",,,,,,,,,,,,,,,,,,,,,,,,,,,,,,,,,,,,,,3,0,"03_0012",2016-07-04,,,304,"Accra"
,"Shiabu Female Community Group","2016-03-22 10:14:47","5.52499991 -0.25684471 47.0 5.0",5.52499991,-0.25684471,47,5,1,,12,0,12,0,12,0,12,,,,,,,0,0,2,10,,,,,0,2,2,8,,,,,5,1,1,5,,,,,6,0,1,3,2,,,,0,,,,,,1,0,0,11,,,,,,,,,,,,,11,0,0,0,,,,,,,,,,,,,,,,,,5,1,4,2,,,,,1,,,,0,,,,,,0,1,,11,,,0,0,,12,,,,,,,0,0,2,6,3,,,,1,0,2,6,2,,,,2,1,4,0,5,,,,7,1,1,0,3,,,,0,0,2,5,5,,,,,,,,,,,,2,0,2,3,5,,,,,,,,,,,,6,0,0,2,4,,,,"Use other languages such as Hausa.

we are happy with the programme.","Ethel and Mercy and Jemimah and James.",,,,,,,,,,,,,,,,,,,,,,,,,,,,,,,,,,,,,,3,0,"03_0013",2016-03-22,,,301,"Accra"
,"all female","2016-04-06 09:59:23","",,,,,1,,15,0,15,0,15,0,15,,,,,,,0,0,0,15,,,,,4,0,1,10,,,,,10,1,3,1,,,,,5,5,0,3,2,,,,0,,,,,,2,0,2,11,,,,,,,,,,,,,2,2,1,10,,,,,,,,,,,,,,,,,,6,2,2,5,,,,,1,,,,1,,,,,,1,1,,13,,,1,2,,12,,,,,,,0,1,0,7,5,,,,1,1,2,5,3,,,,6,0,2,4,1,,,,4,1,1,5,2,,,,1,0,1,10,1,,,,,,,,,,,,0,3,3,3,4,,,,,,,,,,,,3,2,1,4,3,,,,"Survey days are best on Thursdays, at 9am","Jemimah, Ethel, Godwin",,,,,,,,,,,,,,,,,,,,,,,,,,,,,,,,,,,,,,3,0,"03_0014",2016-04-06,,,301,"Accra"
,"Female","2016-07-05 16:43:25","5.55747107 -0.18628912 45.0 5.0",5.55747107,-0.18628912,45,5,4,,15,0,15,0,15,0,15,,,,,,,,,,,,,,,4,4,5,0,2,,,,9,3,2,1,,,,,14,0,0,0,1,,,,3,,,,,,,,,,,,,,,,,,,,,,7,3,2,2,,,,,,,,,,,,,,,,,,4,6,2,2,,,,,13,1,,,13,,,1,,,13,0,,1,,,6,7,,1,,,,,,,,,,,,,,,6,2,0,4,1,,,,6,4,2,0,1,,,,12,1,0,0,0,,,,,,,,,,,,,,,,,,,,7,4,0,0,2,,,,,,,,,,,,8,3,0,2,0,,,,,"Ethel, Fred, Irving",,,,,,,,,,,,,,,,,,,,,,,,,,,,,,,,,,,,,,3,0,"03_0015",2016-07-05,,,304,"Accra"
,"MALE","2016-06-15 10:57:23","5.5610712 -0.2115262 0.0 26.0",5.5610712,-0.2115262,0,26,5,,15,1,0,15,0,15,15,,,,,,,,,,,,,,,3,1,2,3,6,,,,6,1,2,5,,,,,9,1,1,1,3,,,,5,,,,,,,,,,,,,,,,,,,,,,6,4,4,1,,,,,,,,,,,,,,,,,,5,10,0,1,,,,,11,4,,,7,,,5,,,11,3,,2,,,1,9,,5,,,,,,,,,,,,,,,1,2,1,3,1,,,,1,3,2,0,2,,,,4,3,0,1,0,,,,,,,,,,,,,,,,,,,,0,4,3,0,1,,,,,,,,,,,,7,1,0,0,0,,,,,"MICHAEL,SELBY,FRED,SOLOMON,ETHEL,REGY",,,,,,,,,,,,,,,,,,,,,,,,,,,,,,,,,,,,,,3,0,"03_0016",2016-06-15,,,305,"Accra"
,"Female","2016-06-13 13:28:53","5.56121955 -0.21147039 37.0 4.0",5.56121955,-0.21147039,37,4,5,,15,0,15,0,15,0,15,,,,,,,,,,,,,,,7,0,0,2,6,,,,12,0,0,3,,,,,4,3,0,5,3,,,,4,,,,,,,,,,,,,,,,,,,,,,10,0,5,0,,,,,,,,,,,,,,,,,,7,0,7,1,,,,,12,3,,,10,,,0,,,12,0,,3,,,6,6,,3,,,,,,,,,,,,,,,1,0,1,2,4,,,,3,0,0,4,0,,,,2,0,2,2,1,,,,,,,,,,,,,,,,,,,,5,1,0,1,0,,,,,,,,,,,,3,0,0,4,0,,,,,"Irving, Ethel, Solomon",,,,,,,,,,,,,,,,,,,,,,,,,,,,,,,,,,,,,,3,0,"03_0017",2016-06-13,,,305,"Accra"
,"MALE","2016-07-20 16:31:00","5.58041872 -0.20792198 52.0 6.0",5.58041872,-0.20792198,52,6,3,,13,1,0,13,0,13,13,,,,,,,,,,,,,,,0,0,1,3,9,,,,6,2,1,3,,,,,1,1,1,8,5,,,,0,,,,,,,,,,,,,,,,,,,,,,0,2,6,7,,,,,,,,,,,,,,,,,,5,5,5,0,,,,,9,6,,,5,,,6,,,4,3,,6,,,0,6,,6,,,,,,,,,,,,,,,3,1,0,1,1,,,,2,0,1,1,2,,,,0,0,2,2,2,,,,,,,,,,,,,,,,,,,,2,0,3,0,1,,,,,,,,,,,,4,0,1,1,0,,,,,"MICHAEL,FRED",,,,,,,,,,,,,,,,,,,,,,,,,,,,,,,,,,,,,,3,0,"03_0018",2016-07-20,,,303,"Accra"
,"MALE","2016-07-22 15:32:32","5.57879828 -0.206034 62.0 5.0",5.57879828,-0.206034,62,5,3,,15,1,0,15,0,15,15,,,,,,,,,,,,,,,0,0,2,2,9,,,,5,2,4,4,,,,,1,0,1,7,5,,,,10,,,,,,,,,,,,,,,,,,,,,,4,2,4,0,,,,,,,,,,,,,,,,,,8,1,2,3,,,,,12,2,,,9,,,2,,,9,3,,2,,,7,5,,2,,,,,,,,,,,,,,,1,0,0,0,5,,,,1,2,0,1,3,,,,1,1,2,1,2,,,,,,,,,,,,,,,,,,,,3,1,0,1,0,,,,,,,,,,,,3,1,1,0,1,,,,,"MICHAEL,FRED,REGINALD",,,,,,,,,,,,,,,,,,,,,,,,,,,,,,,,,,,,,,3,0,"03_0021",2016-07-22,,,303,"Accra"
,"MALE","2016-07-05 16:49:16","5.55743262 -0.18617209 86.0 4.0",5.55743262,-0.18617209,86,4,4,,7,1,0,7,0,7,7,,,,,,,,,,,,,,,3,0,1,0,3,,,,1,2,1,3,,,,,0,1,2,4,0,,,,0,,,,,,,,,,,,,,,,,,,,,,2,5,0,0,,,,,,,,,,,,,,,,,,1,1,2,3,,,,,7,0,,,7,,,0,,,7,0,,0,,,1,6,,0,,,,,,,,,,,,,,,1,1,1,1,0,,,,0,0,1,1,2,,,,0,2,0,0,2,,,,,,,,,,,,,,,,,,,,0,3,0,0,1,,,,,,,,,,,,1,1,1,1,0,,,,,"MICHAEL,SOLOMON",,,,,,,,,,,,,,,,,,,,,,,,,,,,,,,,,,,,,,3,0,"03_0022",2016-07-05,,,304,"Accra"
,"FEMALE","2016-06-14 12:58:59","5.5608003 -0.2116827 0.0 51.09",5.5608003,-0.2116827,0,51.09,5,,15,0,15,0,15,0,15,,,,,,,,,,,,,,,6,2,3,3,2,,,,13,0,1,1,,,,,4,4,0,6,1,,,,3,,,,,,,,,,,,,,,,,,,,,,11,2,3,1,,,,,,,,,,,,,,,,,,5,3,5,2,,,,,12,4,,,11,,,1,,,14,1,,2,,,3,8,,4,,,,,,,,,,,,,,,2,3,3,3,3,,,,2,6,2,2,3,,,,4,1,7,3,0,,,,,,,,,,,,,,,,,,,,5,0,3,2,5,,,,,,,,,,,,6,3,1,1,4,,,,,"MICHAEL,REGINALD,SOLOMON,FRED,SELBY",,,,,,,,,,,,,,,,,,,,,,,,,,,,,,,,,,,,,,3,0,"03_0023",2016-06-14,,,305,"Accra"
,"female","2016-06-28 17:07:57","5.55377924 -0.18512916 6.0 5.0",5.55377924,-0.18512916,6,5,4,,10,0,10,0,10,0,10,,,,,,,,,,,,,,,3,0,2,3,2,,,,6,1,1,2,,,,,1,2,6,0,1,,,,0,,,,,,,,,,,,,,,,,,,,,,3,3,3,1,,,,,,,,,,,,,,,,,,2,4,3,1,,,,,8,2,,,5,,,2,,,6,2,,2,,,3,5,,2,,,,,,,,,,,,,,,3,1,1,1,2,,,,4,2,0,1,0,,,,1,2,2,1,1,,,,,,,,,,,,,,,,,,,,1,3,3,0,0,,,,,,,,,,,,4,1,1,1,0,,,,,"Ethel, Solomon, Irving",,,,,,,,,,,,,,,,,,,,,,,,,,,,,,,,,,,,,,3,0,"03_0024",2016-06-28,,,304,"Accra"
,"male","2016-06-28 17:25:02","5.55395967 -0.18509554 37.0 11.0",5.55395967,-0.18509554,37,11,4,,7,1,0,7,0,7,7,,,,,,,,,,,,,,,0,3,3,1,0,,,,1,2,3,1,,,,,1,1,5,0,0,,,,2,,,,,,,,,,,,,,,,,,,,,,4,2,1,0,,,,,,,,,,,,,,,,,,1,0,4,2,,,,,2,3,,,2,,,1,,,3,0,,1,,,2,5,,1,,,,,,,,,,,,,,,0,1,2,4,0,,,,2,1,1,2,0,,,,2,0,2,3,0,,,,,,,,,,,,,,,,,,,,0,3,2,0,0,,,,,,,,,,,,1,1,1,4,0,,,,,"MICHAEL,FREDRICK,REGINALD",,,,,,,,,,,,,,,,,,,,,,,,,,,,,,,,,,,,,,3,0,"03_0025",2016-06-28,,,304,"Accra"
,"MALE","2016-06-13 11:20:03","5.56130743 -0.21156344 71.0 6.0",5.56130743,-0.21156344,71,6,5,,15,1,0,15,0,15,15,,,,,,,,,,,,,,,0,8,2,0,4,,,,1,4,4,3,,,,,5,3,3,1,1,,,,2,,,,,,,,,,,,,,,,,,,,,,2,8,0,3,,,,,,,,,,,,,,,,,,8,2,2,2,,,,,10,3,,,7,,,6,,,7,0,,6,,,3,2,,8,,,,,,,,,,,,,,,4,0,0,0,2,,,,3,2,0,0,0,,,,4,1,1,0,0,,,,,,,,,,,,,,,,,,,,2,2,0,0,1,,,,,,,,,,,,3,0,1,1,0,,,,,"MICHAEL",,,,,,,,,,,,,,,,,,,,,,,,,,,,,,,,,,,,,,3,0,"03_0026",2016-06-13,,,305,"Accra"
,"all female","2016-04-06 13:02:38","",,,,,1,,12,1,0,12,0,12,12,,,,,,,9,1,2,0,,,,,10,0,0,2,,,,,12,0,0,0,,,,,1,0,0,11,0,,,,1,,,,,,6,2,2,2,,,,,,,,,,,,,3,3,4,2,,,,,,,,,,,,,,,,,,12,0,0,0,,,,,2,,,,0,,,,,,0,1,,10,,,0,1,,11,,,,,,,3,1,1,4,1,,,,4,1,0,2,3,,,,10,0,0,0,0,,,,0,0,0,7,2,,,,3,1,1,5,0,,,,,,,,,,,,0,2,1,5,2,,,,,,,,,,,,8,2,0,0,0,,,,"Add financial incentive
Feedback on research needed by community","Jemimah, Ethel, Godwin, Ato",,,,,,,,,,,,,,,,,,,,,,,,,,,,,,,,,,,,,,3,0,"03_0027",2016-04-06,,,301,"Accra"
,"Female","2016-07-22 15:30:24","5.57872418 -0.20609238 45.0 4.0",5.57872418,-0.20609238,45,4,3,,15,0,15,0,15,0,15,,,,,,,,,,,,,,,1,3,5,2,4,,,,5,2,6,2,,,,,4,3,4,4,1,,,,2,,,,,,,,,,,,,,,,,,,,,,4,4,4,3,,,,,,,,,,,,,,,,,,9,5,1,0,,,,,14,1,,,13,,,1,,,14,0,,1,,,1,13,,1,,,,,,,,,,,,,,,3,2,1,0,2,,,,1,3,3,1,0,,,,0,1,3,3,1,,,,,,,,,,,,,,,,,,,,4,1,3,0,0,,,,,,,,,,,,4,3,0,0,1,,,,,"Irving ,Solomon",,,,,,,,,,,,,,,,,,,,,,,,,,,,,,,,,,,,,,3,0,"03_0028",2016-07-22,,,303,"Accra"
,"Female","2016-07-20 16:30:03","5.58044601 -0.20798081 45.0 5.0",5.58044601,-0.20798081,45,5,3,,14,0,14,0,14,0,14,,,,,,,,,,,,,,,0,4,7,0,3,,,,4,2,3,4,,,,,1,2,3,5,3,,,,6,,,,,,,,,,,,,,,,,,,,,,2,8,2,2,,,,,,,,,,,,,,,,,,6,2,1,4,,,,,7,7,,,7,,,7,,,7,0,,7,,,2,5,,7,,,,,,,,,,,,,,,2,2,2,3,3,,,,1,2,1,5,3,,,,2,3,1,4,1,,,,,,,,,,,,,,,,,,,,2,4,5,0,1,,,,,,,,,,,,6,0,2,3,1,,,,,"Irving, Solomon",,,,,,,,,,,,,,,,,,,,,,,,,,,,,,,,,,,,,,3,0,"03_0031",2016-07-20,,,303,"Accra"
,"male","2016-07-04 17:17:21","5.56449515 -0.18335246 61.0 4.0",5.56449515,-0.18335246,61,4,4,,11,1,0,11,0,11,11,,,,,,,,,,,,,,,3,3,3,1,1,,,,4,0,6,1,,,,,2,1,6,2,0,,,,4,,,,,,,,,,,,,,,,,,,,,,1,1,7,2,,,,,,,,,,,,,,,,,,10,0,1,0,,,,,8,3,,,8,,,3,,,8,0,,3,,,8,0,,3,,,,,,,,,,,,,,,4,2,2,0,0,,,,2,4,2,0,0,,,,1,5,3,1,0,,,,,,,,,,,,,,,,,,,,1,5,3,2,2,,,,,,,,,,,,5,4,2,0,0,,,,,"Fred, Michael.",,,,,,,,,,,,,,,,,,,,,,,,,,,,,,,,,,,,,,3,0,"03_0032",2016-07-04,,,304,"Accra"
,"Men 2","2015-01-04T02:24:00.000+02","-15.42793407 28.26111038 1290.0 5.0",-15.42793407,28.26111038,1290,5,1,1,19,0,,,0,19,19,0,12,7,,,,,,,,,,,,6,4,4,4,1,,,,14,2,3,0,0,,,,16,2,1,0,0,,,,14,2,3,,,,,,,,,,,,11,8,0,0,0,,,,1,3,9,4,2,,,17,1,1,,,,1,2,8,8,0,,,,7,2,6,4,0,,,,6,13,0,,6,0,0,13,,,2,7,0,10,,,4,9,0,6,,0,12,,,,,,,,,,,,3,2,1,4,2,,,,8,4,0,0,0,,,,10,1,0,0,1,,,,,,,,,,,,5,4,2,0,1,,,,4,3,2,1,2,,,,4,4,1,1,2,,,,6,0,3,3,0,,0,12,"Survey Went well","Mpundu, Nancy and Wendy",,,"16bbcba5-b01f-41ef-8670-11e11fc95ff9","2018-04-04T13:29:37",,,,0,0,3,14,2,,,1,0,1,7,3,,,,0,0,1,16,2,,,,0,0,0,10,2,,1,4,1,"04_1000",2018-04-04,,,401,"Lusaka"
,"Men 1","2015-01-04T05:02:00.000+02","-15.42792664 28.26116401 1293.0 5.0",-15.42792664,28.26116401,1293,5,1,1,20,0,,,0,20,20,0,16,4,,,,,,,,,,,,2,3,3,6,5,,,,8,3,7,1,0,,,,18,1,0,0,1,,,,17,0,3,,,,,,,,,,,,13,5,2,0,0,,,,4,2,4,8,2,,,1,0,19,,,,3,2,7,7,1,,,,7,3,5,3,2,,,,4,0,16,,2,0,3,15,,,2,2,0,16,,,1,2,0,17,,0,20,,,,,,,,,,,,6,1,5,2,2,,,,5,4,5,2,0,,,,14,0,0,2,0,,,,,,,,,,,,4,6,4,0,2,,,,1,3,2,3,7,,,,1,3,4,2,6,,,,4,2,6,1,3,,0,16,,"Mpundu, Nancy and Wendy",,,"c70bb1cb-6371-47b9-af14-080980a67f20","2018-04-04T13:29:37",,,,1,1,3,11,4,,,2,0,0,12,2,,,,2,0,0,16,2,,,,0,0,0,13,3,,1,4,1,"04_1001",2018-04-04,,,401,"Lusaka"
,"Women's group one","2015-01-05T03:04:00.000+02","-15.42793758 28.26115145 1293.0 5.0",-15.42793758,28.26115145,1293,5,1,1,20,1,,,20,0,16,4,17,3,,,,,,,,,,,,4,1,4,5,5,,,,6,3,1,0,9,,,,13,1,0,1,5,,,,20,0,0,,,,,,,,,,,,11,7,1,0,1,,,,1,2,6,9,2,,,20,0,0,,,,2,2,5,9,2,,,,4,1,7,6,1,,,,3,17,0,,2,0,0,18,,,2,1,0,17,,,0,2,0,18,,17,0,,,,,,,,,,,,4,1,3,1,8,,,,8,1,1,1,5,,,,15,0,0,2,0,,,,,,,,,,,,9,6,0,0,2,,,,2,2,6,2,5,,,,3,0,4,5,5,,,,4,1,4,1,7,,17,0,,"Nancy",,,"8865ccc1-dc99-45c8-957e-89c5c631f0f7","2018-04-04T13:29:38",,,,2,1,0,17,0,,,3,0,1,13,0,,,,0,0,0,20,0,,,,0,0,0,17,0,,1,4,1,"04_1002",2018-04-04,,,401,"Lusaka"
,"Women's group two","2015-01-05T06:14:00.000+02","-15.42793754 28.26115173 1293.0 5.0",-15.42793754,28.26115173,1293,5,1,1,20,1,,,20,0,18,2,15,5,,,,,,,,,,,,13,0,4,3,0,,,,11,1,0,0,8,,,,13,0,0,1,6,,,,18,2,0,,,,,,,,,,,,10,2,6,1,1,,,,7,2,3,6,2,,,17,2,1,,,,0,2,3,9,4,,,,1,2,9,6,2,,,,10,10,0,,4,1,0,15,,,5,0,0,15,,,0,8,0,12,,14,0,,,,,,,,,,,,1,0,2,3,7,,,,8,0,2,0,4,,,,12,0,0,1,1,,,,,,,,,,,,3,2,3,1,5,,,,2,2,5,0,5,,,,0,0,2,7,5,,,,4,2,1,0,7,,14,0,"12 people reside in kanyama n 2 elsewhere","Nancy",,,"6d6c7c15-a446-4663-9094-f7a2364fa06d","2018-04-04T13:29:39",,,,2,0,0,17,1,,,1,0,1,12,0,,,,0,0,0,20,0,,,,0,0,0,14,0,,1,4,1,"04_1003",2018-04-04,,,401,"Lusaka"
,"MAT1004","2018-09-26T12:42:00.000Z","5.587760417174579 -0.2095100729760594 70.52554980514272 4.0",5.58776041717458,-0.209510072976059,70.5255498051427,4,1,0,19,1,,,19,0,19,0,19,0,,,,0,0,0,0,0,,,,9,0,0,1,9,,,,17,0,0,2,0,,,,11,4,1,0,3,,,,3,1,15,,,,,,,,,,,,14,5,0,0,0,,,,7,3,2,0,7,,,19,0,0,,,,6,3,2,7,1,,,,5,6,0,6,2,,,,6,13,0,,6,0,0,13,,,6,0,0,13,,,0,6,0,13,,19,0,,,,0,0,0,0,0,,,,0,0,0,0,19,,,,10,0,0,0,9,,,,6,7,2,4,0,,,,,,,,,,,,6,8,2,2,1,,,,6,8,2,2,1,,,,12,4,1,1,1,,,,10,3,0,6,0,,19,0,"None","AMEYAA ADJEI Gladys /Liticia Neequaye / Vincencia",,,"ccfcf391-ae99-4802-9def-57865c6706c4","2018-10-05T09:15:26",,,,,,,,,,,,,,,,,,,,,,,,,,,,,,,,,1,6,,"06_1000",2018-09-26,,,601,"Accra"
,"MAT1003","2018-09-26T16:25:00.000Z","5.587715564440515 -0.20946046369771304 52.38819068435338 4.0",5.58771556444051,-0.209460463697713,52.3881906843534,4,1,0,18,0,,,0,18,18,0,14,4,,,,0,0,0,0,0,,,,15,0,3,0,0,,,,12,2,1,0,3,,,,4,1,1,9,3,,,,3,1,5,,,,,,,,,,,,13,4,0,0,1,,,,1,3,4,5,5,,,8,3,7,,,,11,0,2,0,5,,,,5,3,1,4,5,,,,15,3,0,,10,5,0,3,,,8,7,0,3,,,5,6,3,3,,0,15,,,,0,0,0,0,0,,,,9,0,2,3,0,,,,5,2,0,7,0,,,,3,1,0,9,1,,,,,,,,,,,,14,0,0,0,0,,,,2,0,9,0,3,,,,11,0,2,1,0,,,,8,2,0,3,1,,0,18,"None","Ameyaa Adjri Gladys /Leticia Neequaye/Vincencia",,,"c1278412-76f9-41be-bb0d-78c8ebc4f40e","2018-10-05T09:15:28",,,,,,,,,,,,,,,,,,,,,,,,,,,,,,,,,1,6,,"06_1001",2018-09-26,,,601,"Accra"
,"MAT 1001","2018-09-28T11:05:00.000Z","5.563088499020197 -0.24001893843197789 61.92581669526468 12.0",5.5630884990202,-0.240018938431978,61.9258166952647,12,1,0,15,1,,,15,0,13,2,14,1,,,,0,0,0,0,0,,,,1,0,0,5,9,,,,8,0,1,5,1,,,,0,4,2,9,0,,,,2,4,0,,,,,,,,,,,,12,3,0,0,0,,,,6,6,3,0,0,,,15,0,0,,,,1,3,8,3,0,,,,2,1,3,9,0,,,,9,6,0,,8,1,0,6,,,8,1,0,6,,,2,7,0,6,,15,0,,,,0,0,0,0,0,,,,6,0,2,2,4,,,,4,3,2,5,0,,,,6,4,3,0,1,,,,,,,,,,,,12,1,0,0,1,,,,8,2,3,0,1,,,,2,4,4,2,2,,,,1,1,3,1,8,,15,0,"None","AMEYAA ADJEI GLADYS /LETICIA/VINCENTIA",,,"79cb2dff-c7e5-45aa-b8c2-c9b11f659e98","2018-10-05T09:15:28",,,,,,,,,,,,,,,,,,,,,,,,,,,,,,,,,1,6,,"06_1002",2018-09-28,,,601,"Accra"
,"MAT 1002","2018-09-28T15:36:00.000Z",,,,,,1,0,15,0,,,0,15,15,0,14,1,,,,0,0,0,0,0,,,,6,1,4,4,0,,,,14,0,0,0,1,,,,5,3,2,4,0,,,,6,3,2,,,,,,,,,,,,13,1,1,0,0,,,,11,2,2,0,0,,,14,1,0,,,,8,6,1,0,0,,,,12,3,0,0,0,,,,3,12,0,,3,0,0,12,,,3,0,0,12,,,2,1,0,0,,0,15,,,,0,0,0,0,0,,,,11,1,2,0,0,,,,9,3,1,1,0,,,,3,6,5,0,0,,,,,,,,,,,,7,6,0,0,1,,,,14,0,0,0,0,,,,10,1,1,1,1,,,,8,3,0,0,3,,0,15,"None","Gladys/Leticia/Vincentia",,,"9a91e972-792f-47d7-835e-73f13d5a2233","2018-10-05T09:15:29",,,,,,,,,,,,,,,,,,,,,,,,,,,,,,,,,1,6,,"06_1003",2018-09-28,,,601,"Accra"
,"OA1004","2018-10-05T14:07:00.000Z","5.549352761887375 -0.18536212126094806 28.36988069675896 4.0",5.54935276188738,-0.185362121260948,28.369880696759,4,2,1,15,1,,,15,0,15,0,15,0,,,,6,1,7,1,0,,,,10,2,2,0,1,,,,12,2,1,0,0,,,,7,6,0,1,1,,,,0,15,0,,,,7,4,4,0,0,,,,6,6,3,0,0,,,,8,6,1,0,0,,,13,1,1,,,,8,5,2,0,0,,,,10,0,0,5,0,,,,5,10,0,,5,0,0,10,,,5,0,0,10,,,0,5,0,10,,0,15,,,,4,3,3,3,2,,,,10,4,1,0,0,,,,8,3,3,0,1,,,,7,5,2,0,1,,,,1,3,3,6,2,,,,15,0,0,0,0,,,,8,6,1,0,0,,,,8,3,4,0,0,,,,10,0,0,5,0,,0,15,,"Gladys 
Vincentia 
Leticia",,,"d0d0b617-0eb7-47f2-8fbc-bff27cb80c23","2018-10-05T14:26:43",,,,,,,,,,,,,,,,,,,,,,,,,,,,,,,,,1,6,,"06_1004",2018-10-05,,,602,"Accra"
,"OA 1003","2018-10-05T13:51:00.000Z","5.5493691872168425 -0.1852956392276337 21.148384322994403 4.0",5.54936918721684,-0.185295639227634,21.1483843229944,4,2,0,15,1,,,15,0,15,0,15,0,,,,7,5,3,0,0,,,,14,0,1,0,0,,,,15,0,0,0,0,,,,12,3,0,0,0,,,,2,11,2,,,,2,12,0,0,1,,,,8,5,2,0,0,,,,10,3,2,0,0,,,12,3,0,,,,3,8,4,0,0,,,,14,0,0,1,0,,,,1,14,0,,1,0,0,14,,,1,0,0,14,,,1,0,0,14,,15,0,,,,7,5,3,0,0,,,,11,2,2,0,0,,,,12,0,3,0,0,,,,3,7,1,4,0,,,,4,2,4,5,0,,,,15,0,0,0,0,,,,3,2,10,0,0,,,,3,1,6,5,0,,,,14,0,0,1,0,,15,0,"None Recorded","Ameyaa Adjei Gladys
Vincent's Koranteng
Leticia Neequaye",,,"056db466-72b0-4f2d-a318-f18d943979d5","2018-10-05T14:46:19",,,,,,,,,,,,,,,,,,,,,,,,,,,,,,,,,1,6,,"06_1005",2018-10-05,,,602,"Accra"
,"OA1001","2018-10-05T14:17:00.000Z",,,,,,2,0,15,1,,,15,0,14,1,14,1,,,,6,0,6,3,0,,,,10,1,2,1,1,,,,14,1,0,0,0,,,,6,9,0,0,0,,,,1,14,0,,,,2,7,2,4,0,,,,13,2,0,0,0,,,,11,4,0,0,0,,,15,0,0,,,,13,1,0,1,0,,,,15,0,0,0,0,,,,0,15,0,,0,15,0,15,,,0,0,0,15,,,0,0,0,15,,15,0,,,,13,0,1,0,0,,,,13,1,0,0,0,,,,14,0,0,0,0,,,,14,0,0,0,0,,,,11,2,0,1,0,,,,14,0,0,0,0,,,,13,0,0,1,0,,,,11,2,0,1,0,,,,10,2,0,1,0,,15,0,"None Recorded","Ameyaa Adjei Gladys 
Vincentia Koranteng  
Leticia Neequaye",,,"2ce200cc-9294-4abf-807e-f384c6aa97de","2018-10-05T14:46:20",,,,,,,,,,,,,,,,,,,,,,,,,,,,,,,,,1,6,,"06_1006",2018-10-05,,,602,"Accra"
,"OA1002","2018-10-05T14:49:00.000Z","5.549409109539307 -0.18179822961848507 15.540871020997663 4.0",5.54940910953931,-0.181798229618485,15.5408710209977,4,2,1,15,0,,,0,15,12,0,14,1,,,,7,2,2,2,2,,,,9,3,1,2,0,,,,5,1,6,3,0,,,,3,2,7,3,0,,,,3,10,2,,,,7,1,7,0,0,,,,7,8,0,0,0,,,,10,4,1,0,0,,,14,0,1,,,,11,0,2,1,1,,,,14,0,0,0,0,,,,1,14,0,,1,0,0,14,,,1,0,0,14,,,1,0,0,14,,0,15,,,,2,2,0,10,0,,,,7,0,2,5,0,,,,5,0,6,3,0,,,,8,0,3,3,0,,,,2,2,2,8,0,,,,11,3,0,0,0,,,,4,1,8,1,0,,,,6,2,4,2,0,,,,14,0,0,0,0,,0,15,,"Gladys
Vincentia
Leticia",,,"4d3024c2-7d8f-4b04-9a52-c6f8ec40af44","2018-10-05T15:32:15",,,,,,,,,,,,,,,,,,,,,,,,,,,,,,,,,1,6,,"06_1007",2018-10-05,,,602,"Accra"
,"Dkmale1","2018-10-28T10:20:00.000Z","6.670301666666667 -1.6298783333333333 368.9 4.9",6.67030166666667,-1.62987833333333,368.9,4.9,3,1,15,0,,,0,15,15,0,15,0,,,,4,1,1,7,2,,,,5,0,2,7,1,,,,8,3,4,0,0,,,,13,1,1,0,0,,,,0,14,1,,,,,,,,,,,,11,3,1,0,0,,,,3,2,7,1,2,,,14,0,1,,,,4,8,3,0,0,,,,11,3,1,0,0,,,,0,15,0,,0,0,0,15,,,0,0,0,15,,,0,0,0,15,,0,15,,,,3,2,3,6,0,,,,4,1,6,3,1,,,,5,3,5,2,0,,,,13,1,1,0,0,,,,,,,,,,,,12,0,3,0,0,,,,8,1,6,0,0,,,,8,4,3,0,0,,,,11,3,0,1,0,,0,15,,"Bismark  A. Boafo
Mavis Bawa
Charlotte Asabea Djan",,,"968f34ea-e1d4-4aac-aeb4-eb84799b18c2","2018-10-30T20:40:12",,,,,,,,,,,,,,,,,,,,,,,,,,,,,,,,,1,7,,"07_1000",2018-10-28,,,703,"Kumasi"
,"Dkmale2","2018-10-28T11:25:00.000Z","6.670381666666667 -1.6292883333333332 317.7 5.0",6.67038166666667,-1.62928833333333,317.7,5,3,1,15,0,,,0,15,15,0,15,0,,,,6,3,3,3,0,,,,5,2,2,3,2,,,,4,3,6,1,0,,,,9,2,3,1,0,,,,1,11,2,,,,,,,,,,,,12,3,0,0,0,,,,6,1,6,2,0,,,13,2,0,,,,13,2,0,0,0,,,,10,2,1,1,1,,,,1,14,0,,1,0,0,14,,,1,0,0,14,,,0,1,0,14,,0,15,,,,6,8,1,0,0,,,,5,0,3,4,3,,,,1,3,4,3,0,,,,8,3,3,1,0,,,,,,,,,,,,13,1,0,0,1,,,,3,4,7,0,1,,,,5,7,3,0,0,,,,5,2,4,3,1,,0,15,,"Bismark  A Boafo
Mavis Bawa
Charlotte Asabea Djan",,,"c9011edc-df70-4389-8938-56be9ba74203","2018-10-30T20:45:18",,,,,,,,,,,,,,,,,,,,,,,,,,,,,,,,,1,7,,"07_1001",2018-10-28,,,703,"Kumasi"
,"DKfemale1","2018-10-29T10:36:00.000Z","6.670178333333332 -1.6296766666666667 326.5 5.0",6.67017833333333,-1.62967666666667,326.5,5,3,1,15,1,,,15,0,15,0,14,1,,,,5,2,1,5,2,,,,12,1,1,1,0,,,,12,1,1,1,0,,,,0,0,0,15,0,,,,15,0,0,,,,,,,,,,,,15,0,0,0,0,,,,4,9,2,0,0,,,15,0,0,,,,11,0,3,1,0,,,,9,2,3,1,0,,,,1,14,0,,1,0,0,14,,,1,0,0,14,,,0,1,0,14,,15,0,,,,9,0,2,1,2,,,,12,0,2,0,0,,,,11,2,0,0,1,,,,13,1,0,0,0,,,,,,,,,,,,13,1,0,0,0,,,,5,9,0,0,0,,,,13,0,1,0,0,,,,9,3,1,0,0,,15,0,,"Bismark A Boafo
Mavis Bawa
Charlotte Asabea",,,"21a75c7c-3a5c-452d-830c-67e3490ad979","2018-10-31T16:44:24",,,,,,,,,,,,,,,,,,,,,,,,,,,,,,,,,1,7,,"07_1002",2018-10-29,,,703,"Kumasi"
,"DKfemale2","2018-10-29T11:22:00.000Z","6.6703850000000005 -1.6307883333333333 251.3 4.9",6.670385,-1.63078833333333,251.3,4.9,3,1,15,1,,,15,0,15,0,15,0,,,,15,0,0,0,0,,,,15,0,0,0,0,,,,15,0,0,0,0,,,,12,1,1,1,0,,,,0,0,15,,,,,,,,,,,,15,0,0,0,0,,,,10,1,4,0,0,,,15,0,0,,,,12,2,1,0,0,,,,8,5,0,2,0,,,,2,13,0,,2,0,0,13,,,2,0,0,13,,,0,2,0,13,,15,0,,,,15,0,0,0,0,,,,15,0,0,0,0,,,,14,0,1,0,0,,,,13,0,2,0,0,,,,,,,,,,,,14,1,0,0,0,,,,5,1,5,4,0,,,,11,1,3,0,0,,,,11,2,1,1,0,,15,0,,"Bismark A Boafo
Mavis Bawa
Charlotte Asabea",,,"faf6468e-7767-48f9-9093-139b108e0542","2018-10-31T16:48:21",,,,,,,,,,,,,,,,,,,,,,,,,,,,,,,,,1,7,,"07_1003",2018-10-29,,,703,"Kumasi"
,"FNTfemale1","2018-10-11T12:36:00.000Z","6.6910300000000005 -1.6156483333333331 296.7 4.5",6.69103,-1.61564833333333,296.7,4.5,1,1,15,1,,,15,0,15,0,13,2,,,,0,1,0,14,0,,,,3,0,4,7,1,,,,10,2,2,1,0,,,,11,0,1,2,1,,,,0,12,3,,,,,,,,,,,,13,2,0,0,0,,,,9,1,2,2,1,,,14,1,0,,,,10,1,4,0,0,,,,8,0,4,3,0,,,,0,12,3,,5,2,0,8,,,5,7,1,2,,,0,7,7,0,,15,0,,,,0,0,1,12,0,,,,2,0,2,6,3,,,,6,0,4,3,0,,,,8,1,1,1,0,,,,,,,,,,,,8,4,1,0,0,,,,1,8,4,0,0,,,,9,1,3,0,0,,,,4,3,2,4,0,,15,0,"Participatory","Eric and Joshua",,,"f22314b5-d81c-41c6-aad2-0266e5fdc54d","2018-10-11T21:18:30",,,,,,,,,,,,,,,,,,,,,,,,,,,,,,,,,1,7,,"07_1004",2018-10-11,,,701,"Kumasi"
,"FNTFEMALE2","2018-10-11T13:40:00.000Z","6.690935 -1.6157899999999998 272.6 4.9",6.690935,-1.61579,272.6,4.9,1,0,15,1,,,15,0,15,0,15,0,,,,0,0,0,15,0,,,,1,0,3,11,0,,,,7,2,6,0,0,,,,7,3,2,3,0,,,,0,15,0,,,,,,,,,,,,11,4,0,0,0,,,,7,3,5,0,0,,,14,1,0,,,,6,5,4,0,0,,,,3,7,0,5,0,,,,11,4,0,,9,3,1,2,,,9,3,1,2,,,0,12,0,3,,15,0,,,,0,0,0,15,0,,,,1,0,4,10,0,,,,1,0,4,10,0,,,,9,0,2,4,0,,,,,,,,,,,,13,2,0,0,0,,,,3,3,7,2,0,,,,4,3,8,0,0,,,,5,3,1,6,0,,15,0,"Participatory ","Eric and Joshua",,,"255eaaec-3049-4ec1-8a74-eccb8f5ec2de","2018-10-11T21:18:34",,,,,,,,,,,,,,,,,,,,,,,,,,,,,,,,,1,7,,"07_1005",2018-10-11,,,701,"Kumasi"
,"FNTmale1","2018-10-12T13:17:00.000Z","6.691021666666668 -1.615665 254.1 4.8",6.69102166666667,-1.615665,254.1,4.8,1,1,15,0,,,0,15,15,0,15,0,,,,4,0,2,9,0,,,,4,0,7,3,1,,,,2,1,6,6,0,,,,4,2,6,2,1,,,,1,12,2,,,,,,,,,,,,11,1,3,0,0,,,,5,6,3,1,0,,,11,1,3,,,,14,1,0,0,0,,,,12,1,0,2,0,,,,10,5,0,,5,6,1,3,,,7,4,0,4,,,1,10,0,4,,0,15,,,,3,1,1,7,3,,,,7,2,1,0,5,,,,3,0,4,2,6,,,,11,0,0,1,3,,,,,,,,,,,,15,0,0,0,0,,,,6,3,4,0,2,,,,10,4,1,0,0,,,,10,1,0,3,1,,0,15,,"Bismark A.  Boafo
Mavis Bawa
Charlotte Asabea ",,,"82540717-6b2a-499f-a4ff-96ca8d2e9f7f","2018-10-15T08:55:31",,,,,,,,,,,,,,,,,,,,,,,,,,,,,,,,,1,7,,"07_1006",2018-10-12,,,701,"Kumasi"
,"FNTmale2","2018-10-12T13:44:00.000Z","6.691128333333334 -1.6153316666666668 277.4 5.0",6.69112833333333,-1.61533166666667,277.4,5,1,1,15,0,,,0,15,15,0,15,0,,,,1,1,0,11,2,,,,7,1,3,3,1,,,,3,4,2,5,1,,,,8,1,0,4,2,,,,0,1,14,,,,,,,,,,,,13,2,0,0,0,,,,8,1,4,0,2,,,12,1,2,,,,11,2,2,0,0,,,,13,1,0,1,0,,,,8,7,0,,2,10,0,3,,,7,3,1,4,,,1,7,1,6,,0,15,,,,1,2,0,5,7,,,,2,1,4,4,4,,,,4,5,4,0,2,,,,6,5,1,2,1,,,,,,,,,,,,14,0,1,0,0,,,,4,4,2,1,4,,,,11,1,2,1,0,,,,7,2,1,2,3,,0,15,,"Bismark A.  Boafo 
Mavis Bawa 
Charlotte Asabea ",,,"04541d20-9ce1-46a7-afda-23a3bc9fcd59","2018-10-15T08:55:46",,,,,,,,,,,,,,,,,,,,,,,,,,,,,,,,,1,7,,"07_1007",2018-10-12,,,701,"Kumasi"
," MZfemale1","2018-10-19T10:33:00.000Z","6.724418333333333 -1.604005 301.2 4.9",6.72441833333333,-1.604005,301.2,4.9,2,1,15,1,,,15,0,15,0,15,0,,,,0,0,0,15,0,,,,7,2,2,4,0,,,,6,4,5,0,0,,,,9,2,0,4,0,,,,0,15,0,,,,,,,,,,,,14,1,0,0,0,,,,9,3,1,2,0,,,15,0,0,,,,5,3,2,5,0,,,,7,7,0,1,0,,,,6,4,0,,6,5,0,5,,,0,4,4,4,,,2,3,4,4,,15,0,,,,0,2,0,10,3,,,,2,0,4,8,1,,,,3,2,1,6,3,,,,12,2,0,0,1,,,,,,,,,,,,14,0,1,0,0,,,,4,0,7,1,3,,,,12,0,1,1,1,,,,1,2,6,6,0,,15,0,,"Bismark  A. Boafo
Mavis Bawa
Charlotte Asabea Djan",,,"708962e7-b2bd-4784-b0f6-2d62b5860d13","2018-10-21T17:24:04",,,,,,,,,,,,,,,,,,,,,,,,,,,,,,,,,1,7,,"07_1008",2018-10-19,,,702,"Kumasi"
,"MZfemale2","2018-10-19T13:22:00.000Z","6.724549999999999 -1.6041316666666665 311.2 5.0",6.72455,-1.60413166666667,311.2,5,2,1,15,1,,,15,0,15,0,15,0,,,,0,2,1,12,0,,,,9,0,3,3,0,,,,5,4,4,2,0,,,,15,0,0,0,0,,,,9,2,4,,,,,,,,,,,,15,0,0,0,0,,,,3,4,5,3,0,,,15,0,0,,,,8,1,4,2,0,,,,9,0,2,4,0,,,,4,11,0,,7,7,0,1,,,6,4,0,5,,,2,7,0,6,,15,0,,,,1,0,2,8,4,,,,4,0,0,5,6,,,,4,0,1,6,4,,,,14,0,0,1,0,,,,,,,,,,,,13,2,0,0,0,,,,7,5,2,1,0,,,,10,0,1,4,0,,,,2,0,6,3,4,,15,0,,"Bismark A Boafo
Mavis Bawa
Charlotte Asabea Djan",,,"2d279de7-b756-412e-80bd-24edf6f1cb44","2018-10-21T17:24:04",,,,,,,,,,,,,,,,,,,,,,,,,,,,,,,,,1,7,,"07_1009",2018-10-19,,,702,"Kumasi"
,"Mzmale1","2018-10-22T09:34:00.000Z","6.7223033333333335 -1.6061083333333332 266.0 4.8",6.72230333333333,-1.60610833333333,266,4.8,2,1,15,0,,,0,15,15,0,15,0,,,,3,1,1,10,0,,,,1,0,6,3,5,,,,4,3,5,3,0,,,,13,2,0,0,0,,,,0,1,14,,,,,,,,,,,,12,3,0,0,0,,,,4,2,3,2,4,,,14,0,1,,,,9,1,3,1,1,,,,12,2,1,0,0,,,,0,15,0,,0,0,0,15,,,0,0,0,15,,,0,0,0,15,,0,15,,,,3,2,1,7,2,,,,3,2,1,1,8,,,,8,1,2,0,4,,,,13,1,0,0,1,,,,,,,,,,,,12,3,0,0,0,,,,8,3,0,1,3,,,,11,2,0,0,2,,,,9,3,0,1,2,,0,15,,"Bismark  A. Boafo
Mavis Bawa
Charlotte Asabea Djan
",,,"6112a9ef-74e6-410c-8746-5a2054b29b02","2018-10-26T12:42:09",,,,,,,,,,,,,,,,,,,,,,,,,,,,,,,,,1,7,,"07_1010",2018-10-22,,,702,"Kumasi"
,"Mzmale2","2018-10-22T12:23:00.000Z","6.722134999999999 -1.60628 242.7 4.8",6.722135,-1.60628,242.7,4.8,2,1,15,0,,,0,15,15,0,15,0,,,,11,0,1,3,0,,,,10,1,4,0,0,,,,10,2,2,1,0,,,,10,5,0,0,0,,,,3,2,10,,,,,,,,,,,,12,3,0,0,0,,,,11,1,3,0,0,,,15,0,0,,,,12,0,3,0,0,,,,15,0,0,0,0,,,,1,14,0,,1,0,0,14,,,1,0,0,14,,,0,1,0,14,,0,15,,,,6,1,0,2,6,,,,8,2,0,0,5,,,,6,1,1,6,1,,,,11,0,3,1,0,,,,,,,,,,,,15,0,0,0,0,,,,8,0,3,1,3,,,,13,1,1,0,0,,,,15,0,0,0,0,,0,15,,"Bismark  A. Boafo
Mavis Bawa
Charlotte Asabea  Djan",,,"dbf268a0-9046-4644-bd7d-b110a961e050","2018-10-26T12:42:11",,,,,,,,,,,,,,,,,,,,,,,,,,,,,,,,,1,7,,"07_1011",2018-10-22,,,702,"Kumasi"
,"AHfemale1","2018-10-23T10:12:00.000Z","6.658986666666667 -1.6191433333333332 292.3 4.4",6.65898666666667,-1.61914333333333,292.3,4.4,4,1,15,1,,,15,0,15,0,15,0,,,,1,0,0,14,0,,,,7,3,2,2,1,,,,3,4,1,5,2,,,,7,1,0,3,3,,,,2,4,9,,,,,,,,,,,,15,0,0,0,0,,,,6,1,3,4,1,,,15,0,0,,,,5,0,9,1,0,,,,9,0,2,4,0,,,,4,11,0,,4,0,0,11,,,4,0,0,11,,,0,4,0,11,,15,0,,,,13,0,0,0,2,,,,4,0,2,6,3,,,,2,0,5,7,1,,,,7,1,4,0,3,,,,,,,,,,,,8,6,0,0,1,,,,1,2,6,5,1,,,,13,1,0,0,1,,,,6,1,2,5,1,,15,0,,"Bismark A. Boafo
Mavis Bawa
Charlotte Asabea Djan",,,"42c25e60-771b-4265-9983-f30d5e1d3c7b","2018-10-29T00:00:02",,,,,,,,,,,,,,,,,,,,,,,,,,,,,,,,,1,7,,"07_1012",2018-10-23,,,704,"Kumasi"
,"AHfemale2","2018-10-23T14:09:00.000Z","6.658873333333334 -1.6191533333333334 270.6 4.1",6.65887333333333,-1.61915333333333,270.6,4.1,4,1,15,1,,,15,0,15,0,15,0,,,,0,0,0,14,1,,,,6,3,4,2,0,,,,4,7,4,0,0,,,,4,1,7,3,0,,,,3,12,0,,,,,,,,,,,,15,0,0,0,0,,,,3,6,6,0,0,,,14,1,0,,,,3,5,7,0,0,,,,11,1,0,3,0,,,,5,10,0,,5,0,0,10,,,4,1,0,10,,,0,4,1,10,,15,0,,,,0,0,3,12,0,,,,1,3,2,6,3,,,,0,4,4,6,1,,,,7,4,3,0,1,,,,,,,,,,,,12,3,0,0,0,,,,2,8,4,1,0,,,,3,2,8,2,0,,,,4,1,2,8,0,,15,0,,"Bismark A. Boafo
Mavis Bawa
Charlotte Asabea Djan",,,"21248c74-ded4-426b-bcbf-1dfe807a04c8","2018-10-29T00:01:15",,,,,,,,,,,,,,,,,,,,,,,,,,,,,,,,,1,7,,"07_1013",2018-10-23,,,704,"Kumasi"
,"AHmale1","2018-10-23T15:10:00.000Z","6.6587466666666675 -1.6191016666666664 272.9 4.8",6.65874666666667,-1.61910166666667,272.9,4.8,4,1,15,0,,,0,15,15,0,15,0,,,,1,0,0,14,0,,,,4,1,4,5,1,,,,2,0,9,4,0,,,,7,0,6,2,0,,,,3,9,3,,,,,,,,,,,,10,5,0,0,0,,,,12,0,1,0,2,,,14,0,1,,,,11,3,1,0,0,,,,9,2,4,0,0,,,,2,13,0,,2,0,0,13,,,2,0,0,13,,,2,0,0,13,,0,15,,,,3,2,3,5,2,,,,3,0,6,2,3,,,,4,0,4,5,2,,,,6,3,1,3,2,,,,,,,,,,,,11,3,1,0,0,,,,8,2,3,2,0,,,,9,0,2,4,0,,,,9,1,1,4,0,,0,15,,"Bismark A. Boafo
Mavis Bawa 
Charlotte Asabea Djan",,,"aa9904ba-c3b8-47ea-b6cc-a05fdd53fdc4","2018-10-29T00:01:25",,,,,,,,,,,,,,,,,,,,,,,,,,,,,,,,,1,7,,"07_1014",2018-10-23,,,704,"Kumasi"
,"AHmale2","2018-10-23T16:04:00.000Z","6.658871666666666 -1.6189733333333332 269.6 5.0",6.65887166666667,-1.61897333333333,269.6,5,4,1,15,0,,,0,15,15,0,15,0,,,,8,3,1,3,0,,,,7,2,2,2,2,,,,4,3,5,2,1,,,,8,3,1,1,2,,,,7,1,6,,,,,,,,,,,,12,2,0,1,0,,,,8,2,2,1,2,,,14,1,0,,,,11,0,3,1,0,,,,11,0,2,1,1,,,,5,10,0,,5,0,0,10,,,5,0,0,10,,,0,5,0,10,,0,15,,,,3,2,2,2,6,,,,8,2,1,1,3,,,,4,2,6,2,1,,,,9,2,2,0,2,,,,,,,,,,,,14,1,0,0,0,,,,5,5,3,0,2,,,,4,3,6,1,0,,,,6,1,2,5,1,,0,15,,"Bismark A. Boafo
Mavis Bawa
Charlotte Asabea Djan",,,"e5d68bed-393e-4b55-a21e-4ada7c8c095b","2018-10-29T00:01:26",,,,,,,,,,,,,,,,,,,,,,,,,,,,,,,,,1,7,,"07_1015",2018-10-23,,,704,"Kumasi"
,"Bwaise 01","2018-12-03T15:28:00.000+03","0.3538383333333333 32.56207166666666 1151.8 2.4",0.353838333333333,32.5620716666667,1151.8,2.4,3,1,12,2,9,3,9,3,10,2,12,0,,,,3,1,2,4,2,,,,1,1,6,3,1,,,,9,1,1,0,1,,,,12,0,0,0,0,,,,12,0,0,,,,,,,,,,,,9,3,0,0,0,,,,0,3,1,7,1,,,12,0,0,,,,2,5,4,1,0,,,,5,0,2,5,0,,,,8,4,0,,9,0,0,3,,,4,8,0,0,,,3,9,0,0,,9,3,,,,3,2,1,6,0,,,,5,1,3,3,0,,,,11,0,0,1,0,,,,11,0,0,1,0,,,,,,,,,,,,5,5,2,0,0,,,,1,2,7,2,0,,,,9,1,2,0,0,,,,4,1,2,4,1,,9,3,,"Mugisha kwiringira",,,"c75337d8-f6ff-4760-baa3-47d8dc17f174","2018-12-04T09:02:36",,,,0,0,1,11,0,,,0,0,0,12,0,,,,,,,,,,,,,,,,,,1,9,,"09_1000",2018-12-03,,,903,"Kampala"
,"Kamwokya 01","2018-12-04T14:43:00.000+03","0.3428816666666667 32.58781833333333 1178.7 2.6",0.342881666666667,32.5878183333333,1178.7,2.6,2,1,8,1,,,8,0,8,0,7,1,,,,0,1,0,7,0,,,,5,1,1,1,0,,,,7,0,1,0,0,,,,8,0,0,0,0,,,,6,1,1,,,,,,,,,,,,6,2,0,0,0,,,,2,4,2,0,0,,,8,0,0,,,,4,0,1,3,0,,,,4,0,3,1,0,,,,2,5,1,,2,6,0,0,,,0,7,1,0,,,2,6,0,0,,8,0,,,,2,0,1,2,2,,,,2,3,2,0,0,,,,6,0,1,0,0,,,,5,2,0,0,0,,,,,,,,,,,,6,1,0,0,0,,,,1,1,3,1,0,,,,0,0,3,4,0,,,,6,0,1,0,0,,8,0,,"Mugisha kwiringira",,,"a3d77c9b-5697-45c1-b95c-3835605cd881","2018-12-04T13:57:30",,,,0,2,0,6,0,,,1,0,0,4,2,,,,,,,,,,,,,,,,,,1,9,,"09_1001",2018-12-04,,,902,"Kampala"
,"Kamwokya 02","2018-12-05T10:47:00.000+03","0.3429016666666667 32.587801666666664 1187.6 3.2",0.342901666666667,32.5878016666667,1187.6,3.2,2,1,9,2,8,1,8,1,9,0,9,0,,,,0,0,0,8,1,,,,5,2,1,1,0,,,,0,0,2,7,0,,,,3,2,3,1,0,,,,9,0,0,,,,,,,,,,,,7,2,0,0,0,,,,4,1,1,3,0,,,9,0,0,,,,1,6,2,0,0,,,,1,0,0,8,0,,,,9,0,0,,9,0,0,0,,,2,7,0,0,,,0,9,0,0,,8,1,,,,9,0,0,0,0,,,,4,1,1,3,0,,,,1,1,3,3,0,,,,4,1,1,3,0,,,,,,,,,,,,7,2,0,0,0,,,,1,4,4,0,0,,,,4,3,2,0,0,,,,0,1,0,8,0,,8,1,,"Cathy Nanangwe",,,"5982c334-38ce-4e33-ab4a-b3550f150487","2018-12-10T05:15:03",,,,6,3,0,0,0,,,5,3,1,0,0,,,,,,,,,,,,,,,,,,1,9,,"09_1002",2018-12-05,,,902,"Kampala"
,"Namuwongo 01","2018-12-06T09:31:00.000+03","0.3033533333333333 32.619056666666665 1171.9 5.0",0.303353333333333,32.6190566666667,1171.9,5,1,1,11,2,10,1,10,1,11,0,11,0,,,,1,1,6,2,1,,,,1,3,3,4,0,,,,1,7,0,2,1,,,,3,4,2,2,0,,,,5,6,0,,,,,,,,,,,,5,6,0,0,0,,,,0,6,2,2,1,,,10,1,0,,,,0,3,5,3,0,,,,8,3,0,0,0,,,,9,0,0,,0,0,2,9,,,0,4,1,7,,,0,1,1,9,,10,1,,,,10,0,1,0,0,,,,6,4,1,0,0,,,,6,3,2,0,0,,,,1,1,4,3,2,,,,,,,,,,,,4,6,1,0,0,,,,1,2,4,2,1,,,,2,2,5,2,0,,,,7,2,2,0,0,,10,1,,"Cathy Nanangwe",,,"9e085481-9806-41df-84c1-522b11703d74","2018-12-10T05:15:04",,,,9,1,1,0,0,,,5,1,5,0,0,,,,,,,,,,,,,,,,,,1,9,,"09_1003",2018-12-06,,,901,"Kampala"
,"Namuwongo 02","2018-12-06T11:25:00.000+03",,,,,,1,1,12,2,11,1,11,1,12,0,12,0,,,,6,2,3,1,0,,,,11,1,0,0,0,,,,8,2,2,0,0,,,,1,0,1,10,0,,,,7,4,1,,,,,,,,,,,,11,1,0,0,0,,,,1,2,8,1,0,,,12,0,0,,,,3,3,6,0,0,,,,10,2,0,0,0,,,,3,8,1,,3,0,2,7,,,0,4,8,0,,,3,5,1,2,,11,1,,,,10,1,0,1,0,,,,10,0,2,0,0,,,,7,3,2,0,0,,,,2,0,4,5,1,,,,,,,,,,,,10,1,1,0,0,,,,4,6,1,0,1,,,,4,5,0,3,0,,,,7,3,0,1,0,,11,1,,"Cathy Nanangwe",,,"ff814140-b936-4cc7-a6e0-486d6e6d4df1","2018-12-12T11:31:37",,,,10,0,1,1,0,,,8,2,2,0,0,,,,,,,,,,,,,,,,,,1,9,,"09_1004",2018-12-06,,,901,"Kampala"
,"Wankulukuku 01","2018-12-07T09:54:00.000+03","0.2880333333333333 32.55370833333333 1166.6 3.9",0.288033333333333,32.5537083333333,1166.6,3.9,4,1,12,2,10,2,10,2,11,1,12,0,,,,0,0,0,12,0,,,,8,0,3,1,0,,,,0,4,2,5,1,,,,9,0,0,3,0,,,,11,1,0,,,,,,,,,,,,10,2,0,0,0,,,,6,4,2,0,0,,,12,0,0,,,,4,5,2,1,0,,,,3,1,4,4,0,,,,12,0,0,,12,0,0,0,,,0,12,0,0,,,12,0,0,0,,10,2,,,,0,0,3,9,0,,,,1,1,5,5,0,,,,0,1,7,4,0,,,,7,1,2,1,0,,,,,,,,,,,,10,2,0,0,0,,,,4,2,1,5,0,,,,7,2,2,0,0,,,,12,0,0,0,0,,10,2,,"Cathy Nanangwe",,,"c6c4aaf2-b40f-4144-bcd9-7b59048fd443","2018-12-12T11:31:39",,,,2,2,0,8,0,,,3,1,8,0,0,,,,,,,,,,,,,,,,,,1,9,,"09_1005",2018-12-07,,,904,"Kampala"
,"Wankulukuku 02","2018-12-07T11:24:00.000+03","0.28242666666666666 32.551856666666666 1174.8 5.0",0.282426666666667,32.5518566666667,1174.8,5,4,1,12,2,10,2,10,2,12,0,12,0,,,,4,0,3,5,0,,,,10,0,0,0,0,,,,9,1,0,2,0,,,,10,0,0,2,0,,,,10,2,0,,,,,,,,,,,,11,1,0,0,0,,,,3,3,1,4,0,,,11,1,0,,,,6,3,2,1,0,,,,4,0,2,6,0,,,,12,0,0,,12,0,0,0,,,5,7,0,0,,,2,10,0,0,,10,2,,,,8,3,1,0,0,,,,10,1,1,0,0,,,,8,1,3,0,0,,,,8,0,2,2,0,,,,,,,,,,,,8,4,0,0,0,,,,2,3,4,3,0,,,,6,4,1,1,0,,,,1,1,3,7,0,,10,2,,"Cathy Nanangwe",,,"68028e66-ad26-42b8-b563-d340b1a3aa2c","2018-12-12T11:31:42",,,,3,1,1,6,1,,,4,1,4,3,0,,,,,,,,,,,,,,,,,,1,9,,"09_1006",2018-12-07,,,904,"Kampala"
,"Kinawataka 02","2018-12-11T16:13:00.000+03","0.33568166666666666 32.626558333333335 1190.1 4.9",0.335681666666667,32.6265583333333,1190.1,4.9,5,1,12,2,11,1,11,1,12,0,12,0,,,,0,0,1,10,1,,,,9,0,2,1,0,,,,4,1,4,3,0,,,,12,0,0,0,0,,,,11,1,0,,,,,,,,,,,,9,3,0,0,0,,,,2,5,3,2,0,,,12,0,0,,,,5,3,2,2,0,,,,0,0,2,10,0,,,,12,0,0,,12,0,0,0,,,0,12,0,0,,,1,11,0,0,,11,1,,,,0,1,2,9,0,,,,3,3,3,3,0,,,,2,3,5,2,0,,,,7,1,2,1,0,,,,,,,,,,,,6,6,0,0,0,,,,2,5,2,3,0,,,,6,4,2,0,0,,,,2,0,0,10,0,,11,1,,"Mugisha kwiringira",,,"9ad84dac-ffca-447c-80e2-c3c58754a191","2018-12-12T11:31:56",,,,0,0,1,9,2,,,0,0,3,9,0,,,,,,,,,,,,,,,,,,1,9,,"09_1007",2018-12-11,,,905,"Kampala"
,"Bwaise 02","2018-12-12T11:41:00.000+03","0.3570733333333333 32.56124 1170.5 2.1",0.357073333333333,32.56124,1170.5,2.1,3,1,12,1,,,12,0,12,0,12,0,,,,1,2,2,7,0,,,,10,0,0,2,0,,,,7,5,0,0,0,,,,0,3,1,6,0,,,,5,6,1,,,,,,,,,,,,6,6,0,0,0,,,,0,4,4,4,0,,,11,0,1,,,,0,7,4,1,0,,,,0,0,2,9,1,,,,12,0,0,,12,0,0,0,,,0,12,0,0,,,0,12,0,0,,12,0,,,,0,0,0,0,12,,,,10,2,0,0,0,,,,12,0,0,0,0,,,,2,5,2,3,0,,,,,,,,,,,,4,8,0,0,0,,,,1,4,2,4,1,,,,8,2,1,1,0,,,,0,0,0,12,0,,12,0,,"Cathy Nanangwe",,,"a9a9fa52-663b-41cd-a623-cd30d7fccc8e","2018-12-12T11:32:17",,,,7,2,3,0,0,,,5,5,2,0,0,,,,,,,,,,,,,,,,,,1,9,,"09_1008",2018-12-12,,,903,"Kampala"
,"Kinawataka 01","2018-12-10T10:10:00.000+03","0.33486 32.63430166666667 1141.2 3.0",0.33486,32.6343016666667,1141.2,3,5,1,12,2,11,1,11,1,12,0,12,0,,,,0,4,1,7,0,,,,6,5,0,1,0,,,,2,8,0,2,0,,,,8,1,3,0,0,,,,10,2,0,,,,,,,,,,,,8,3,1,0,0,,,,5,3,3,1,0,,,10,2,0,,,,5,4,3,0,0,,,,5,2,2,1,2,,,,3,9,0,,5,1,0,6,,,2,6,2,2,,,0,2,2,8,,11,1,,,,0,0,3,9,0,,,,11,1,0,0,0,,,,1,7,2,2,0,,,,7,3,0,1,1,,,,,,,,,,,,6,4,2,0,0,,,,2,6,2,2,0,,,,6,5,1,0,0,,,,2,4,3,2,1,,11,1,,"Mugisha kwiringira",,,"b77d3820-c504-47d4-962b-2aa298733395","2018-12-12T11:40:39",,,,1,4,2,5,0,,,4,0,0,7,1,,,,,,,,,,,,,,,,,,1,9,,"09_1009",2018-12-10,,,905,"Kampala"
,,,,12.91137,79.14134,,,1,,18,1,,,18,0,0,,9,,,,,,,,,,,,,10,2,2,4,,,,,6,1,1,9,,,,,14,0,0,0,3,,,,1,17,,,,,,,,,,,,,,,,,,,,,5,3,1,8,,,,,,,,,,,,,,,,,,8,1,0,8,,,,,6,12,,,6,12,,,,,5,13,,,,,2,16,,,,,,,,,,,,,,,,,5,3,2,1,5,,,,5,0,0,1,9,,,,11,3,0,0,2,,,,,,,,,,,,,,,,,,,,4,1,2,3,7,,,,,,,,,,,,5,0,0,4,8,,0,0,,,,,,,,,,,,,,,,,,,,,,,,,,,,,,,,,,,,,,,0,11,,"11_1057",2014-03-06,0,0,1101,"Vellore"
,,,,12.91137,79.14134,,,1,,18,1,,,18,0,0,,4,,,,,,,,,,,,,8,0,2,7,,,,,8,3,4,3,,,,,10,0,3,1,4,,,,5,13,,,,,,,,,,,,,,,,,,,,,7,4,3,4,,,,,,,,,,,,,,,,,,6,0,1,10,,,,,9,9,,,9,9,,,,,9,9,,,,,0,18,,,,,,,,,,,,,,,,,2,0,1,0,1,,,,3,0,1,0,0,,,,3,1,0,0,0,,,,,,,,,,,,,,,,,,,,1,1,2,0,0,,,,,,,,,,,,3,0,1,0,0,,0,0,,,,,,,,,,,,,,,,,,,,,,,,,,,,,,,,,,,,,,,0,11,,"11_1058",2014-03-07,0,0,1101,"Vellore"
,,,,12.91137,79.14134,,,1,,12,0,,,0,12,0,,3,,,,,,,,,,,,,3,1,1,6,,,,,5,1,1,4,,,,,0,0,1,2,8,,,,3,9,,,,,,,,,,,,,,,,,,,,,1,1,2,8,,,,,,,,,,,,,,,,,,5,2,1,4,,,,,4,8,,,5,7,,,,,3,9,,,,,1,11,,,,,,,,,,,,,,,,,1,0,0,0,2,,,,0,0,0,0,3,,,,1,1,0,0,1,,,,,,,,,,,,,,,,,,,,0,0,0,0,3,,,,,,,,,,,,1,0,1,0,1,,0,0,,,,,,,,,,,,,,,,,,,,,,,,,,,,,,,,,,,,,,,0,11,,"11_1059",2014-03-06,0,0,1101,"Vellore"
,,,,12.91137,79.14134,,,1,,16,0,,,0,16,0,,5,,,,,,,,,,,,,5,1,2,8,,,,,10,0,2,4,,,,,11,0,1,1,3,,,,6,10,,,,,,,,,,,,,,,,,,,,,1,2,2,11,,,,,,,,,,,,,,,,,,4,3,3,6,,,,,9,7,,,9,7,,,,,9,7,,,,,0,16,,,,,,,,,,,,,,,,,1,0,0,3,1,,,,0,1,0,1,3,,,,4,0,0,0,1,,,,,,,,,,,,,,,,,,,,1,0,0,2,2,,,,,,,,,,,,2,0,1,0,2,,2,12,,,,,,,,,,,,,,,,,,,,,,,,,,,,,,,,,,,,,,,0,11,,"11_1060",2014-03-07,0,0,1101,"Vellore"
,,,,12.90126,79.12366,,,2,,14,1,,,14,0,0,,4,,,,,,,,,,,,,3,0,7,4,,,,,0,1,6,6,,,,,11,1,0,0,1,,,,12,2,,,,,,,,,,,,,,,,,,,,,2,5,5,2,,,,,,,,,,,,,,,,,,9,0,0,6,,,,,8,6,,,7,7,,,,,8,6,,,,,2,12,,,,,,,,,,,,,,,,,0,0,1,0,3,,,,0,1,0,0,3,,,,2,0,0,2,0,,,,,,,,,,,,,,,,,,,,0,1,0,1,2,,,,,,,,,,,,0,1,2,0,1,,0,0,,,,,,,,,,,,,,,,,,,,,,,,,,,,,,,,,,,,,,,0,11,,"11_1113",2014-03-11,0,0,1102,"Vellore"
,,,,,,,,2,,12,1,,,12,0,0,,3,,,,,,,,,,,,,2,0,0,10,,,,,3,0,3,6,,,,,7,0,1,0,4,,,,2,10,,,,,,,,,,,,,,,,,,,,,1,0,1,10,,,,,,,,,,,,,,,,,,3,0,1,8,,,,,10,2,,,10,2,,,,,10,2,,,,,2,10,,,,,,,,,,,,,,,,,2,0,1,0,0,,,,0,1,2,0,0,,,,3,0,0,0,0,,,,,,,,,,,,,,,,,,,,0,1,0,1,1,,,,,,,,,,,,1,0,0,2,0,,0,0,,,,,,,,,,,,,,,,,,,,,,,,,,,,,,,,,,,,,,,0,11,,"11_1114",2014-03-20,0,0,1102,"Vellore"
,,,,12.90129,79.12373,,,2,,14,0,,,0,14,0,,6,,,,,,,,,,,,,2,1,1,9,,,,,5,5,2,2,,,,,7,0,5,2,0,,,,10,4,,,,,,,,,,,,,,,,,,,,,0,2,8,4,,,,,,,,,,,,,,,,,,2,0,5,7,,,,,12,2,,,12,2,,,,,12,2,,,,,2,12,,,,,,,,,,,,,,,,,1,0,2,3,0,,,,2,0,1,2,1,,,,2,1,1,2,0,,,,,,,,,,,,,,,,,,,,0,0,2,3,1,,,,,,,,,,,,3,1,2,0,0,,0,0,,,,,,,,,,,,,,,,,,,,,,,,,,,,,,,,,,,,,,,0,11,,"11_1115",2014-03-11,0,0,1102,"Vellore"
,,,,12.90129,79.12373,,,2,,13,0,,,0,13,0,,4,,,,,,,,,,,,,3,0,5,3,,,,,4,2,3,2,,,,,5,2,1,1,2,,,,2,11,,,,,,,,,,,,,,,,,,,,,0,3,1,8,,,,,,,,,,,,,,,,,,1,1,6,4,,,,,12,1,,,12,1,,,,,12,1,,,,,4,9,,,,,,,,,,,,,,,,,1,0,0,0,3,,,,1,0,2,0,1,,,,2,0,1,1,0,,,,,,,,,,,,,,,,,,,,0,0,0,2,2,,,,,,,,,,,,2,0,0,0,1,,0,0,,,,,,,,,,,,,,,,,,,,,,,,,,,,,,,,,,,,,,,0,11,,"11_1216",2014-03-24,0,0,1102,"Vellore"
352155090263209,"Dhapa dhipi","2019-06-14T14:37:00.000+05:30","22.5529026 88.3984778 -40.20000076293945 5.0",22.5529026,88.3984778,-40.2000007629395,5,1,1,16,1,,,16,0,16,0,16,0,,,,1,0,1,14,0,,,,10,4,1,0,1,,,,3,5,3,4,1,,,,14,1,0,1,0,,,,4,12,0,,,,,,,,,,,,9,5,2,0,0,,,,2,9,3,2,0,,,15,1,0,,,,6,3,3,4,0,,,,10,2,4,0,0,,,,3,13,0,,3,0,0,13,,,3,0,0,13,,,1,2,0,13,,,,,,,1,3,3,8,1,,,,11,1,3,1,0,,,,2,3,5,3,3,,,,14,0,0,2,0,,,,,,,,,,,,7,5,4,0,0,,,,4,8,2,2,0,,,,8,1,7,0,0,,,,6,3,2,1,4,,16,0,"","09,10,11,13","v4ArFrND7nrzXAWgRguxr3",3135,"3c7f3dda-59a6-43f2-a694-72e2e2bafea2","2019-06-14T11:29:29",1,,,,,,,,,,,,,,,,,,,,,,,,,,,,,,,,1,12,,"12_1000",2019-06-14,,,1201,"Kolkata"
352155090263209,"Dhapa Dhipi 2","2019-06-18T14:27:00.000+05:30","22.5536879 88.3986768 -34.20000076293945 5.0",22.5536879,88.3986768,-34.2000007629395,5,1,1,16,1,,,16,0,16,0,13,3,,,,0,0,1,13,2,,,,9,2,2,3,0,,,,13,1,1,0,1,,,,16,0,0,0,0,,,,7,9,0,,,,,,,,,,,,15,1,0,0,0,,,,4,5,5,2,0,,,15,1,0,,,,8,0,7,1,0,,,,13,2,0,1,0,,,,1,15,0,,1,0,0,15,,,1,0,0,15,,,0,1,0,15,,,,,,,0,0,0,12,1,,,,7,1,3,2,0,,,,13,0,0,0,0,,,,13,0,0,0,0,,,,,,,,,,,,10,2,0,1,0,,,,1,1,9,1,1,,,,11,2,0,0,0,,,,8,2,0,2,1,,13,0,"","12, 16, 17","v4ArFrND7nrzXAWgRguxr3",3147,"2eaca5c6-4e72-4059-b346-e14307784cc2","2019-06-18T11:17:10",2,,,,,,,,,,,,,,,,,,,,,,,,,,,,,,,,1,12,,"12_1001",2019-06-18,,,1201,"Kolkata"
352155090263209,"Dhapa Dhipi","2019-06-25T14:32:00.000+05:30","22.5536295 88.3987311 -30.5 5.0",22.5536295,88.3987311,-30.5,5,1,1,15,0,,,0,15,15,0,14,1,,,,2,1,7,4,1,,,,4,3,2,2,4,,,,2,4,9,0,0,,,,14,1,0,0,0,,,,3,12,0,,,,,,,,,,,,7,6,2,0,0,,,,3,1,8,1,2,,,13,2,0,,,,3,3,5,1,3,,,,5,6,3,1,0,,,,1,14,0,,1,0,0,14,,,1,0,0,14,,,0,1,0,14,,,,,,,1,0,1,10,2,,,,5,0,3,5,1,,,,0,4,4,1,5,,,,14,0,0,0,0,,,,,,,,,,,,2,7,5,0,0,,,,3,3,7,0,1,,,,2,4,8,0,0,,,,3,6,5,0,0,,0,14,"","07, 08 , 15","v4ArFrND7nrzXAWgRguxr3",3279,"7cca92e4-ebc7-464f-85fc-a95b5d740777","2019-06-25T11:15:39",3,,,,,,,,,,,,,,,,,,,,,,,,,,,,,,,,1,12,,"12_1002",2019-06-25,,,1201,"Kolkata"
352155092270731,"Community survey 4","2019-07-18T14:10:00.000+05:30","22.551638 88.3988089 5.099999904632568 5.0",22.551638,88.3988089,5.09999990463257,5,1,1,17,0,,,0,17,17,0,8,9,,,,11,0,0,4,2,,,,9,1,2,3,2,,,,7,6,0,2,2,,,,15,0,0,1,1,,,,0,17,0,,,,,,,,,,,,6,10,0,1,0,,,,3,3,5,3,3,,,15,1,1,,,,6,3,5,1,2,,,,3,1,4,9,0,,,,3,14,0,,2,1,0,14,,,2,1,0,14,,,1,2,0,14,,,,,,,1,2,2,2,1,,,,4,0,0,2,2,,,,1,0,2,2,3,,,,8,0,0,0,0,,,,,,,,,,,,3,2,2,0,1,,,,0,0,2,1,5,,,,1,1,3,1,2,,,,2,1,1,1,3,,0,8,"Though three persons have private latrine out of which one person doesn't use the private latrine and goes for open defecation.","10,12,13,16,17","v4ArFrND7nrzXAWgRguxr3",3521,"3a43877b-a469-44b7-a038-5672a028ac52","2019-07-18T11:17:29",4,,,,,,,,,,,,,,,,,,,,,,,,,,,,,,,,1,12,,"12_1003",2019-07-18,,,1201,"Kolkata"
,"Chawama Female","2019-10-12T10:31:00.000+02:00","-15.4506815 28.28001617 1275.0 4.5509996",-15.4506815,28.28001617,1275,4.5509996,1,0,20,1,,,20,,16,4,14,6,,,,1,2,3,13,1,,,,2,3,2,8,5,,,,14,0,3,1,2,,,,18,2,0,0,0,,,,8,2,10,,,,,,,,,,,,9,4,6,0,1,,,,8,0,3,6,3,,,18,1,1,,,,6,1,7,6,0,,,,11,3,2,4,0,,,,17,3,0,,19,0,0,1,,,3,15,1,1,,,2,15,0,3,,20,0,,,,2,0,1,11,0,,,,2,0,1,11,0,,,,7,3,3,1,0,,,,14,0,0,0,0,,,,,,,,,,,,0,14,0,0,0,,,,3,2,6,2,1,,,,2,4,1,6,1,,,,6,2,0,6,0,,20,0,,"Muleya Jennifer Mulemwa",,,"27220b69-2703-44af-9b14-7f0680738048","2019-10-12T11:07:02",,,,3,1,1,12,3,,,1,1,0,12,0,,,,0,0,0,19,1,,,,0,0,0,14,0,,1,13,,"13_1000",2019-10-12,,,1301,"Lusaka"
,"Chawama ward 2","2019-10-12T10:15:00.000+02:00","-15.46069103 28.28409843 1271.0 4.5509996",-15.46069103,28.28409843,1271,4.5509996,1,0,20,1,,,20,,18,2,13,6,,,,1,0,0,18,1,,,,1,0,0,12,7,,,,12,4,0,3,1,,,,19,1,0,0,0,,,,8,8,4,,,,,,,,,,,,13,1,1,4,1,,,,7,1,1,7,4,,,11,2,6,,,,13,2,3,1,1,,,,17,0,0,3,0,,,,6,14,0,,4,0,0,16,,,5,6,1,8,,,1,16,3,0,,20,0,,,,1,0,12,0,0,,,,4,0,8,1,0,,,,10,1,1,0,1,,,,10,0,0,0,3,,,,,,,,,,,,8,2,0,2,1,,,,6,2,1,2,2,,,,6,1,1,0,5,,,,7,1,0,2,3,,20,0,,"Chola, Mwewa, Fredrick",,,"72a1ed42-2c03-4a74-bc23-deb8ef15a6b0","2019-10-12T11:13:40",,,,0,1,1,15,3,,,2,1,0,6,5,,,,0,0,0,19,1,,,,0,0,3,8,3,,1,13,,"13_1001",2019-10-12,,,1301,"Lusaka"
,"Nkoloma ward 1","2019-10-12T11:08:00.000+02:00","-15.45060772 28.27997244 1271.0 6.068",-15.45060772,28.27997244,1271,6.068,1,0,15,0,,,,15,13,2,15,0,,,,0,0,2,12,1,,,,2,2,1,10,0,,,,11,2,2,0,0,,,,15,0,0,0,0,,,,4,5,6,,,,,,,,,,,,7,6,2,0,0,,,,3,0,5,7,0,,,10,0,5,,,,5,2,5,3,0,,,,14,1,0,0,0,,,,1,12,2,,1,0,0,14,,,5,8,0,2,,,1,10,1,4,,0,15,,,,2,0,1,9,3,,,,4,3,0,5,3,,,,4,3,2,3,3,,,,13,0,0,0,2,,,,,,,,,,,,12,2,1,0,0,,,,3,1,4,0,7,,,,8,1,1,1,4,,,,8,4,1,1,1,,0,15,,"Joachim and Kawide",,,"a05b9ca1-cb03-4fd1-9145-cddcee09a7f1","2019-10-12T14:28:14",,,,3,2,2,8,0,,,3,0,0,6,6,,,,1,0,0,11,3,,,,0,0,0,14,1,,1,13,,"13_1002",2019-10-12,,,1301,"Lusaka"
,"Ward 2 men","2019-10-12T10:09:00.000+02:00","-15.460743333333335 28.284249999999997 1299.6 4.9",-15.4607433333333,28.28425,1299.6,4.9,1,0,20,0,,,,20,17,3,20,0,,,,0,3,1,14,2,,,,7,0,3,9,1,,,,6,1,4,5,4,,,,16,0,1,1,2,,,,5,10,5,,,,,,,,,,,,9,9,2,0,0,,,,4,3,4,5,4,,,15,1,4,,,,8,1,5,5,1,,,,14,2,2,0,2,,,,5,15,0,,13,1,0,6,,,6,14,0,0,,,6,9,2,3,,0,20,,,,0,0,0,17,3,,,,3,0,2,10,5,,,,9,1,0,4,6,,,,15,1,1,1,2,,,,,,,,,,,,7,6,3,1,3,,,,4,2,6,3,5,,,,4,2,6,3,5,,,,9,5,0,4,2,,0,20,,"Chipo
Chilu
Zack",,,"ea6931eb-6569-42c6-8de5-e7f47441e3d9","2019-10-12T19:38:19",,,,4,0,2,14,0,,,3,0,1,15,1,,,,1,0,0,18,1,,,,0,0,1,16,3,,1,13,,"13_1003",2019-10-12,,,1301,"Lusaka"
,"Chazanga women 1","2019-10-19T10:31:00.000+02:00","-15.347188333333333 28.288704999999997 1157.6 4.9",-15.3471883333333,28.288705,1157.6,4.9,2,0,20,1,,,20,,20,0,20,0,,,,1,0,1,15,3,,,,3,1,3,12,1,,,,13,4,2,1,0,,,,16,1,3,0,0,,,,3,17,0,,,,,,,,,,,,3,6,11,0,0,,,,0,4,12,4,0,,,20,0,0,,,,9,5,4,2,0,,,,15,0,3,2,0,,,,3,17,0,,9,5,0,6,,,0,4,0,16,,,3,3,0,14,,20,0,,,,0,0,0,15,5,,,,1,0,2,5,12,,,,10,1,3,2,4,,,,14,3,1,2,0,,,,,,,,,,,,4,9,7,0,0,,,,10,3,2,3,2,,,,6,4,2,0,8,,,,12,3,2,0,2,,20,0,,"Mulemwa Jennifer Annie Keron Joackim",,,"009c5583-8bea-4082-b6ba-ecd4287ab74b","2019-10-19T12:19:32",,,,2,4,7,4,3,,,3,4,6,3,4,,,,0,0,4,15,1,,,,1,0,0,18,1,,1,13,,"13_1004",2019-10-19,,,1302,"Lusaka"
,"Chazanga group 2","2019-10-19T10:43:00.000+02:00","-15.347006666666667 28.288671666666666 1223.3 4.8",-15.3470066666667,28.2886716666667,1223.3,4.8,2,0,19,0,,,,19,17,2,19,0,,,,0,0,0,19,0,,,,0,0,0,19,0,,,,1,0,1,13,4,,,,14,1,0,3,1,,,,2,4,13,,,,,,,,,,,,11,5,2,0,1,,,,2,1,3,7,6,,,15,1,3,,,,5,1,3,8,2,,,,11,2,3,2,1,,,,17,0,2,,16,0,0,3,,,2,15,0,2,,,7,6,0,6,,0,19,,,,0,0,0,17,2,,,,1,0,0,12,6,,,,2,0,0,10,7,,,,15,0,1,0,3,,,,,,,,,,,,8,7,3,0,1,,,,2,2,3,0,12,,,,6,2,0,0,11,,,,10,1,0,7,1,,0,19,,"Mwewa,Chola,Chilufya, Fredrick,Chipo, Zachariah,Kawide",,,"6763f6a2-48a2-4368-a774-79de3c5d7452","2019-10-20T15:10:25",,,,5,1,0,8,5,,,4,1,0,5,9,,,,0,0,0,16,3,,,,0,0,0,15,4,,1,13,,"13_1005",2019-10-20,,,1302,"Lusaka"
,"Female group 2","2019-10-19T10:49:00.000+02:00","-15.347073333333332 28.28860666666667 1244.0 5.0",-15.3470733333333,28.2886066666667,1244,5,2,0,20,1,,,20,,15,5,20,0,,,,2,0,3,12,3,,,,0,2,10,6,2,,,,8,3,6,2,1,,,,13,3,2,2,0,,,,5,15,0,,,,,,,,,,,,7,6,7,0,0,,,,3,1,14,2,0,,,18,2,0,,,,6,3,8,3,0,,,,11,4,4,1,0,,,,3,17,0,,11,1,0,8,,,3,4,1,12,,,1,9,1,9,,20,0,,,,0,1,1,16,2,,,,0,0,5,6,9,,,,2,3,8,4,3,,,,13,5,1,1,0,,,,,,,,,,,,1,12,7,0,0,,,,0,4,10,1,5,,,,3,1,9,0,7,,,,5,5,4,3,3,,20,0,,"Kalumba keron
Joakim Choko
Jennifer wilima
Annie Mumba
Mulemwa mukelebai",,,"2ed5266c-2c4a-4327-9ce7-b272049efe5a","2019-10-21T04:56:42",,,,4,6,4,6,0,,,3,6,4,5,2,,,,0,0,0,18,2,,,,0,0,0,16,4,,1,13,,"13_1006",2019-10-21,,,1302,"Lusaka"
,"Chazanga Group 2 men","2019-10-19T10:51:00.000+02:00","-15.347005000000001 28.28830833333333 1296.1 4.6",-15.347005,28.2883083333333,1296.1,4.6,2,0,17,0,,,,17,16,1,17,0,,,,0,0,1,16,0,,,,0,0,4,13,0,,,,1,1,3,10,2,,,,13,1,1,0,2,,,,3,8,6,,,,,,,,,,,,8,4,2,0,3,,,,1,2,2,6,6,,,16,0,1,,,,1,2,2,6,6,,,,9,2,1,2,3,,,,11,6,0,,9,1,0,7,,,2,11,0,4,,,2,3,0,12,,0,17,,,,1,0,0,13,3,,,,1,0,0,8,8,,,,3,1,1,4,8,,,,11,0,0,2,4,,,,,,,,,,,,8,7,2,0,0,,,,0,1,2,4,10,,,,3,1,0,3,10,,,,10,2,4,1,0,,0,17,,"Chipo
Chilufya
Zacharia
Fred",,,"e75fdbcc-0a8b-4eee-bf1a-17501dc33c95","2019-10-21T07:42:32",,,,4,0,4,6,2,,,5,0,2,3,7,,,,1,0,0,14,2,,,,0,0,1,14,2,,1,13,,"13_1007",2019-10-21,,,1302,"Lusaka"
,"George group 2","2019-11-02T10:31:00.000+02:00","-15.377546666666667 28.246000000000002 1242.5 4.8",-15.3775466666667,28.246,1242.5,4.8,3,0,19,2,14,5,14,5,8,11,19,0,,,,0,3,0,11,5,,,,2,1,2,11,0,,,,12,2,5,0,0,,,,19,0,0,0,0,,,,17,2,0,,,,,,,,,,,,6,10,3,0,0,,,,7,6,4,1,1,,,18,0,1,,,,9,1,6,2,1,,,,17,0,0,1,1,,,,8,11,0,,6,3,0,10,,,3,16,0,0,,,3,5,3,8,,14,5,,,,1,0,0,14,4,,,,4,1,2,3,9,,,,4,5,5,1,4,,,,18,0,0,0,1,,,,,,,,,,,,4,3,0,5,7,,,,11,1,0,2,5,,,,5,1,8,0,3,,,,13,4,0,1,1,,14,5,,"Joackim, Kawide and Frederick",,,"646decea-c767-44b3-9021-1351844bd674","2019-11-02T10:38:25",,,,7,4,2,4,2,,,7,1,0,2,9,,,,15,0,0,0,4,,,,1,1,0,9,8,,1,13,,"13_1008",2019-11-02,,,1303,"Lusaka"
,"George group 1","2019-11-02T09:52:00.000+02:00","-15.37751 28.245998333333333 1233.7 4.9",-15.37751,28.2459983333333,1233.7,4.9,3,0,17,2,9,8,8,9,10,7,17,0,,,,1,0,0,12,4,,,,1,1,0,9,6,,,,14,0,3,0,0,,,,16,0,1,0,0,,,,6,6,5,,,,,,,,,,,,5,10,2,0,0,,,,6,3,5,1,2,,,9,5,3,,,,8,3,5,1,0,,,,12,0,4,1,0,,,,7,10,0,,11,2,0,4,,,6,11,0,0,,,5,4,0,8,,9,8,,,,2,0,0,11,4,,,,8,2,0,1,6,,,,12,0,0,2,3,,,,13,3,0,1,0,,,,,,,,,,,,5,12,0,0,0,,,,4,0,2,3,8,,,,7,0,0,1,9,,,,14,0,1,0,2,,9,8,,"Chilufya muya, joakim choko and Annie Mumba",,,"60f91b41-e869-4d4a-a513-088f7f3530c2","2019-11-02T10:39:44",,,,5,2,1,2,7,,,9,4,0,2,2,,,,0,0,0,14,3,,,,0,0,0,9,8,,1,13,,"13_1009",2019-11-02,,,1303,"Lusaka"
,"George group 4","2019-11-02T10:31:00.000+02:00","-15.377496666666666 28.246008333333332 1226.0 4.7",-15.3774966666667,28.2460083333333,1226,4.7,3,0,17,2,5,12,5,12,13,4,17,0,,,,1,0,0,14,2,,,,1,0,5,10,1,,,,11,3,3,0,0,,,,16,0,0,1,0,,,,2,11,4,,,,,,,,,,,,3,13,1,0,0,,,,2,9,3,2,1,,,11,4,2,,,,4,4,8,1,0,,,,12,1,2,2,0,,,,5,12,0,,5,12,0,0,,,3,2,0,12,,,3,2,0,12,,5,12,,,,0,3,0,10,4,,,,9,3,0,2,3,,,,8,5,0,2,2,,,,12,2,0,1,2,,,,,,,,,,,,2,13,0,0,2,,,,1,8,3,2,3,,,,7,5,2,2,1,,,,10,5,1,1,0,,5,12,,"Zacharia
Champo
Chipo
Joakim",,,"b33ed0fa-492d-4cb1-ba74-e919eac14136","2019-11-02T10:43:39",,,,6,2,2,7,0,,,5,0,1,9,2,,,,1,0,0,13,2,,,,0,0,0,15,2,,1,13,,"13_1010",2019-11-02,,,1303,"Lusaka"
,"George group 3","2019-11-02T09:53:00.000+02:00","-15.377488333333334 28.246011666666664 1231.3 4.9",-15.3774883333333,28.2460116666667,1231.3,4.9,3,0,15,2,7,8,7,8,11,4,15,0,,,,1,3,0,7,4,,,,4,3,1,4,3,,,,7,4,4,0,0,,,,14,1,0,0,0,,,,6,9,0,,,,,,,,,,,,8,6,1,0,0,,,,12,3,0,0,0,,,11,3,1,,,,15,0,0,0,0,,,,11,3,0,1,0,,,,3,12,0,,3,12,0,0,,,1,2,0,12,,,0,3,0,12,,7,8,,,,0,0,0,11,4,,,,8,1,0,1,5,,,,8,0,0,2,5,,,,9,1,0,0,5,,,,,,,,,,,,9,4,0,2,0,,,,6,3,3,1,2,,,,6,2,2,0,5,,,,9,0,0,1,5,,7,8,,"Jennifer, Zachariah Joakim and Chipo",,,"542e7892-094f-43d8-8731-1dfe03544f8d","2019-11-02T12:14:59",,,,1,3,3,5,3,,,1,2,0,2,10,,,,0,2,1,9,3,,,,0,0,1,8,6,,1,13,,"13_1011",2019-11-02,,,1303,"Lusaka"
