col_start_dt,col_end_dt,subscriberid,simserial,deviceid,col_ward,col_neighborhood,col_location,_col_location_latitude,_col_location_longitude,_col_location_altitude,_col_location_precision,col_sample_type,col_sample_type_fp,col_sample_type_fp/144,col_sample_type_fp/145,col_sample_type_fp/142,col_sample_type_fp/143,col_sample_type_fp/141,col_sample_type_fp/149,col_sample_type_co,col_sample_type_co/151,col_sample_type_co/159,col_sample_type_co/152,col_id,col_id_val,col_start,col_weather,col_rainyest,col_rainweek,col_rainmon,col_fpa_id,col_fpa,col_fpa/1,col_fpa/3,col_fpa/2,col_fpa/4,col_fpa/88,col_fpa_other,col_fpa1,col_fpa1/88,col_fpa1/1,col_fpa1/3,col_fpa1/2,col_fpa1/5,col_fpa1/4,col_fpa1/6,col_fpa1_other,col_pfb_id,col_fpb,col_fpb/1,col_fpb/3,col_fpb/2,col_fpb/4,col_fpb/88,col_fpb_other,col_fpc_id,col_fpc,col_fpc/1,col_fpc/3,col_fpc/2,col_fpc/88,col_fpc_other,col_fpc1,col_fpc1/88,col_fpc1/1,col_fpc1/3,col_fpc1/2,col_fpc1/5,col_fpc1/4,col_fpc1/6,col_fpc1_other,col_fpd_id,col_fpd_type,col_fpd_type_other,col_fpd_container,col_fpd_container_lid,col_fpd_id_001,col_fpd_cl_free,col_fpd_cl_total,col_fpe_id,col_fpe,col_fpe/88,col_fpe/1,col_fpe/3,col_fpe/2,col_fpe/5,col_fpe/4,col_fpe_other,col_fpe1,col_fpe1/1,col_fpe1/3,col_fpe1/2,col_fpe1/88,col_fpe1_other,col_coa_id,col_coa_floor,col_coa_floorother,col_coa_dirt,col_coa_child,col_cob_nr,col_cob_note1,col_cob_ids,col_cob,col_cob_other,col_cob1,col_cob1_other,col_cob_col2,col_cob_ids2,col_cob2,col_cob_other2,col_cob12,col_cob1_other2,col_cob_col3,col_cob_ids3,col_cob3,col_cob_other3,col_cob13,col_cob1_other3,col_animals,col_animaltype,col_animaltype/10,col_animaltype/88,col_animaltype/1,col_animaltype/3,col_animaltype/2,col_animaltype/5,col_animaltype/4,col_animaltype/7,col_animaltype/6,col_animaltype/9,col_animaltype/8,col_animalother,col_animalnr,col_close,col_notes,col_enum,col_photo,__version__,_id,_uuid,_submission_time,_index,col_cob_col4,col_cob_ids4,col_cob4,col_cob_other4,col_cob14,col_cob1_other4,col_id_so
2019-08-22T11:08:01.152+05:30,2019-08-26T13:31:28.603+05:30,NA,NA,352155091473740,58,1,22.5526337 88.398741 -60.70000076293945 5.0,22.5526337,88.398741,-60.70000076,5,15,NA,NA,NA,NA,NA,NA,NA,151,1,0,0,1035,1035,2019-08-22T11:11:00.000+05:30,1,0,1,NA,NA,NA,NA,NA,NA,NA,NA,NA,NA,NA,NA,NA,NA,NA,NA,NA,NA,NA,NA,NA,NA,NA,NA,NA,NA,NA,NA,NA,NA,NA,NA,NA,NA,NA,NA,NA,NA,NA,NA,NA,NA,NA,NA,NA,NA,NA,NA,NA,NA,NA,NA,NA,NA,NA,NA,NA,NA,NA,NA,NA,NA,NA,NA,NA,COA1001,2,NA,0,0,NA,NA,COB1001,2,NA,4,NA,0,COB1002,88,Plastic,2,NA,0,COB1003,88,Concrete,3,NA,0,NA,NA,NA,NA,NA,NA,NA,NA,NA,NA,NA,NA,NA,NA,NA,Sample collected by Somnath Sarkar,Debabrata Maity,1,v4b25iaRzrPMkey35XgBep,4000,a4e9f8ec-a788-494a-856f-d05cb8cecb0d,2019-08-26T08:02:30,18,NA,NA,NA,NA,NA,NA,NA
2019-08-22T11:49:05.508+05:30,2019-08-26T13:31:33.618+05:30,NA,NA,352155091473740,58,1,22.5521442 88.3998329 -58.0 5.0,22.5521442,88.3998329,-58,5,15,NA,NA,NA,NA,NA,NA,NA,151,1,0,0,1067,1067,2019-08-22T11:50:00.000+05:30,1,0,1,NA,NA,NA,NA,NA,NA,NA,NA,NA,NA,NA,NA,NA,NA,NA,NA,NA,NA,NA,NA,NA,NA,NA,NA,NA,NA,NA,NA,NA,NA,NA,NA,NA,NA,NA,NA,NA,NA,NA,NA,NA,NA,NA,NA,NA,NA,NA,NA,NA,NA,NA,NA,NA,NA,NA,NA,NA,NA,NA,NA,NA,NA,NA,NA,NA,COA1002,2,NA,0,0,NA,NA,COB1004,88,Cotton Cloth,4,NA,0,COB1005,88,"Fibre, Plastic",88,DTH Disk,0,COB1006,88,Plastic,88,Toys,0,NA,NA,NA,NA,NA,NA,NA,NA,NA,NA,NA,NA,NA,NA,NA,Sample collected by Buddhadeb Samaddar,Biplab Jash,1,v4b25iaRzrPMkey35XgBep,4005,2f2cbbb6-8fe6-4466-81f4-8ff60b8ddd8b,2019-08-26T08:02:37,22,NA,NA,NA,NA,NA,NA,NA
2019-09-17T10:52:11.305+05:30,2019-09-17T16:35:08.983+05:30,NA,NA,352155091473740,58,1,22.5530486 88.3988539 -68.4000015258789 4.5,22.5530486,88.3988539,-68.40000153,4.5,15,NA,NA,NA,NA,NA,NA,NA,151,1,0,0,1007,1007,2019-09-17T10:54:00.000+05:30,1,1,NA,NA,NA,NA,NA,NA,NA,NA,NA,NA,NA,NA,NA,NA,NA,NA,NA,NA,NA,NA,NA,NA,NA,NA,NA,NA,NA,NA,NA,NA,NA,NA,NA,NA,NA,NA,NA,NA,NA,NA,NA,NA,NA,NA,NA,NA,NA,NA,NA,NA,NA,NA,NA,NA,NA,NA,NA,NA,NA,NA,NA,NA,NA,NA,NA,NA,COA1003,2,NA,0,0,NA,NA,COB1007,88,Plastic,88,Cycle,1,COB1008,88,Linen,88,Bed Cover,1,COB1009,2,NA,4,NA,0,NA,NA,NA,NA,NA,NA,NA,NA,NA,NA,NA,NA,NA,NA,NA,Sample collected by Suvankar Mandal,Debabrata Maity,1,v4b25iaRzrPMkey35XgBep,4299,f34f312f-d93e-4abc-9362-0ed10a088d59,2019-09-17T11:05:36,31,NA,NA,NA,NA,NA,NA,NA
2019-09-17T11:33:56.236+05:30,2019-09-17T16:35:13.947+05:30,NA,NA,352155091473740,58,1,22.5521197 88.3990847 -36.900001525878906 5.0,22.5521197,88.3990847,-36.90000153,5,15,NA,NA,NA,NA,NA,NA,NA,151,1,0,0,1039,1039,2019-09-17T11:35:00.000+05:30,1,1,NA,NA,NA,NA,NA,NA,NA,NA,NA,NA,NA,NA,NA,NA,NA,NA,NA,NA,NA,NA,NA,NA,NA,NA,NA,NA,NA,NA,NA,NA,NA,NA,NA,NA,NA,NA,NA,NA,NA,NA,NA,NA,NA,NA,NA,NA,NA,NA,NA,NA,NA,NA,NA,NA,NA,NA,NA,NA,NA,NA,NA,NA,NA,NA,NA,NA,COA1004,2,NA,0,0,NA,NA,COB1010,2,NA,1,NA,1,COB1013,88,Linen,88,Bed Cover,0,COB1011,88,Plastic,2,NA,1,NA,NA,NA,NA,NA,NA,NA,NA,NA,NA,NA,NA,NA,NA,NA,Sample collected by Buddhadeb Samaddar,Biplab Jash,1,v4b25iaRzrPMkey35XgBep,4302,6f9eec19-622b-4589-8d38-9ac482908102,2019-09-17T11:05:41,33,NA,COB1012,2,NA,4,NA,NA
2019-11-01T12:33:04.578+05:30,2019-11-01T15:24:39.561+05:30,NA,NA,352155091473740,58,1,22.55356 88.3987232 -38.0 5.0,22.55356,88.3987232,-38,5,15,NA,NA,NA,NA,NA,NA,NA,151,1,0,0,1025,1025,2019-11-01T12:35:00.000+05:30,1,0,0,1,NA,NA,NA,NA,NA,NA,NA,NA,NA,NA,NA,NA,NA,NA,NA,NA,NA,NA,NA,NA,NA,NA,NA,NA,NA,NA,NA,NA,NA,NA,NA,NA,NA,NA,NA,NA,NA,NA,NA,NA,NA,NA,NA,NA,NA,NA,NA,NA,NA,NA,NA,NA,NA,NA,NA,NA,NA,NA,NA,NA,NA,NA,NA,NA,COA1005,2,NA,0,0,NA,NA,COB1014,2,NA,1,NA,1,COB1015,88,Linen,88,Bed Cover,1,COB1016,88,Concrete,88,Window,0,NA,NA,NA,NA,NA,NA,NA,NA,NA,NA,NA,NA,NA,NA,NA,Sample collected by Buddhadeb Samaddar,Biplab Jash,1,vntmPzUZE9dnWTCy2cMMgv,4832,226d9bf6-d555-44bf-b5d0-e7d16ac8928d,2019-11-01T09:55:25,42,NA,NA,NA,NA,NA,NA,NA
2019-11-08T10:44:32.931+05:30,2019-11-11T15:24:37.264+05:30,NA,NA,352155091473740,58,1,22.5521096 88.3996874 -52.20000076293945 5.0,22.5521096,88.3996874,-52.20000076,5,15,NA,NA,NA,NA,NA,NA,NA,151,1,0,0,1046,1046,2019-11-08T10:46:00.000+05:30,2,0,0,1,NA,NA,NA,NA,NA,NA,NA,NA,NA,NA,NA,NA,NA,NA,NA,NA,NA,NA,NA,NA,NA,NA,NA,NA,NA,NA,NA,NA,NA,NA,NA,NA,NA,NA,NA,NA,NA,NA,NA,NA,NA,NA,NA,NA,NA,NA,NA,NA,NA,NA,NA,NA,NA,NA,NA,NA,NA,NA,NA,NA,NA,NA,NA,NA,COA1006,2,NA,0,0,NA,NA,COB1017,2,NA,1,NA,1,COB1018,88,Linen,88,Bed cover,1,COB1019,1,NA,4,NA,0,NA,NA,NA,NA,NA,NA,NA,NA,NA,NA,NA,NA,NA,NA,NA,Sample collected by Somnath Sarkar,Debabrata Maity,0,vntmPzUZE9dnWTCy2cMMgv,5136,fdcbc62d-2f93-4b56-9e58-0ab1737a26e7,2019-11-11T09:54:48,51,NA,NA,NA,NA,NA,NA,NA
2019-11-20T11:07:26.837+05:30,2019-11-20T17:01:22.554+05:30,NA,NA,352155091473740,58,1,22.5516295 88.3997269 -26.200000762939453 5.0,22.5516295,88.3997269,-26.20000076,5,15,NA,NA,NA,NA,NA,NA,NA,151,1,0,0,1098,1098,2019-11-20T11:09:00.000+05:30,1,0,0,1,NA,NA,NA,NA,NA,NA,NA,NA,NA,NA,NA,NA,NA,NA,NA,NA,NA,NA,NA,NA,NA,NA,NA,NA,NA,NA,NA,NA,NA,NA,NA,NA,NA,NA,NA,NA,NA,NA,NA,NA,NA,NA,NA,NA,NA,NA,NA,NA,NA,NA,NA,NA,NA,NA,NA,NA,NA,NA,NA,NA,NA,NA,NA,NA,COA1007,2,NA,0,0,NA,NA,COB1020,2,NA,88,Sitting board,1,COB1021,88,Cloth,88,Bed cover,1,COB1022,2,NA,88,Door frame,0,NA,NA,NA,NA,NA,NA,NA,NA,NA,NA,NA,NA,NA,NA,NA,Sample collected by Somnath Sarkar,Debabrata Maity,1,vntmPzUZE9dnWTCy2cMMgv,5357,2e256200-864f-4175-bce5-c60bece7746a,2019-11-20T11:31:37,60,NA,NA,NA,NA,NA,NA,NA
2020-01-15T11:12:06.142+05:30,2020-01-15T17:03:38.765+05:30,NA,NA,352155091473740,58,2,22.551699 88.3961732 -44.5 5.0,22.551699,88.3961732,-44.5,5,15,NA,NA,NA,NA,NA,NA,NA,151,1,0,0,2011,2011,2020-01-15T11:13:00.000+05:30,1,0,1,NA,NA,NA,NA,NA,NA,NA,NA,NA,NA,NA,NA,NA,NA,NA,NA,NA,NA,NA,NA,NA,NA,NA,NA,NA,NA,NA,NA,NA,NA,NA,NA,NA,NA,NA,NA,NA,NA,NA,NA,NA,NA,NA,NA,NA,NA,NA,NA,NA,NA,NA,NA,NA,NA,NA,NA,NA,NA,NA,NA,NA,NA,NA,NA,NA,COA2001,2,NA,0,0,NA,NA,COB2001,88,Linen,88,Bed Linen,1,COB2002,88,Mould/Solid Plastic,88,Walker Toy,1,COB2003,88,Hard Plastic,2,NA,0,NA,NA,NA,NA,NA,NA,NA,NA,NA,NA,NA,NA,NA,NA,NA,Sample collected by Somnath Sarkar,Debabrata Maity,1,vntmPzUZE9dnWTCy2cMMgv,7242,9dd1d46b-c734-439c-86e6-73971c426dfb,2020-01-15T11:34:12,69,NA,NA,NA,NA,NA,NA,NA
2020-01-15T11:37:54.770+05:30,2020-01-15T17:03:43.597+05:30,NA,NA,352155091473740,58,2,22.5503254 88.3967612 -68.30000305175781 5.0,22.5503254,88.3967612,-68.30000305,5,15,NA,NA,NA,NA,NA,NA,NA,151,1,0,0,2099,2099,2020-01-15T11:39:00.000+05:30,1,0,1,NA,NA,NA,NA,NA,NA,NA,NA,NA,NA,NA,NA,NA,NA,NA,NA,NA,NA,NA,NA,NA,NA,NA,NA,NA,NA,NA,NA,NA,NA,NA,NA,NA,NA,NA,NA,NA,NA,NA,NA,NA,NA,NA,NA,NA,NA,NA,NA,NA,NA,NA,NA,NA,NA,NA,NA,NA,NA,NA,NA,NA,NA,NA,NA,NA,COA2002,1,NA,0,0,NA,NA,COB2004,2,NA,4,NA,1,COB2005,88,Wood & Leather Sheet,88,Small Seat,1,COB2006,88,Hard Plastic,88,Box,0,NA,NA,NA,NA,NA,NA,NA,NA,NA,NA,NA,NA,NA,NA,NA,Sample collected by Buddhadeb Samaddar,Suvankar Mandal,1,vntmPzUZE9dnWTCy2cMMgv,7245,4911c504-4e6c-4ade-97f4-41d2d8d23a8b,2020-01-15T11:34:23,72,NA,NA,NA,NA,NA,NA,NA
2020-02-05T10:43:24.972+05:30,2020-02-05T14:52:23.498+05:30,NA,NA,352155091473740,58,2,22.5511202 88.3963921 -84.0 5.0,22.5511202,88.3963921,-84,5,15,NA,NA,NA,NA,NA,NA,NA,151,1,0,0,2059,2059,2020-02-05T10:45:00.000+05:30,1,0,1,NA,NA,NA,NA,NA,NA,NA,NA,NA,NA,NA,NA,NA,NA,NA,NA,NA,NA,NA,NA,NA,NA,NA,NA,NA,NA,NA,NA,NA,NA,NA,NA,NA,NA,NA,NA,NA,NA,NA,NA,NA,NA,NA,NA,NA,NA,NA,NA,NA,NA,NA,NA,NA,NA,NA,NA,NA,NA,NA,NA,NA,NA,NA,NA,NA,COA2003,2,NA,0,0,NA,NA,COB2007,88,Solid Plastic,2,NA,1,COB2008,88,Linen,88,Bed Cover,1,COB2009,88,Plastic,88,Toy,0,NA,NA,NA,NA,NA,NA,NA,NA,NA,NA,NA,NA,NA,NA,NA,Sample collected by Somnath Sarkar,Debabrata Maity,1,vntmPzUZE9dnWTCy2cMMgv,7722,9386a515-c6c0-44b5-8e16-a478b5fe38c1,2020-02-05T09:23:02,81,NA,NA,NA,NA,NA,NA,NA
2020-02-05T11:17:42.598+05:30,2020-02-05T14:52:29.679+05:30,NA,NA,352155091473740,58,2,22.5509691 88.3971344 -61.099998474121094 5.0,22.5509691,88.3971344,-61.09999847,5,15,NA,NA,NA,NA,NA,NA,NA,151,1,0,0,2071,2071,2020-02-05T11:19:00.000+05:30,1,0,1,NA,NA,NA,NA,NA,NA,NA,NA,NA,NA,NA,NA,NA,NA,NA,NA,NA,NA,NA,NA,NA,NA,NA,NA,NA,NA,NA,NA,NA,NA,NA,NA,NA,NA,NA,NA,NA,NA,NA,NA,NA,NA,NA,NA,NA,NA,NA,NA,NA,NA,NA,NA,NA,NA,NA,NA,NA,NA,NA,NA,NA,NA,NA,NA,NA,COA2004,2,NA,1,0,NA,NA,COB2010,2,NA,88,Small sitting stool,1,COB2011,3,NA,4,NA,1,COB2012,88,Hard Plastic,2,NA,0,NA,NA,NA,NA,NA,NA,NA,NA,NA,NA,NA,NA,NA,NA,NA,Sample collected by Buddhadeb Samaddar,Suvankar Mandal,1,vntmPzUZE9dnWTCy2cMMgv,7725,db61348c-ebb1-4f07-a329-87d2ab6ea625,2020-02-05T09:23:14,84,NA,NA,NA,NA,NA,NA,NA
2020-02-06T10:57:54.451+05:30,2020-02-06T14:06:23.811+05:30,NA,NA,352155091473740,58,2,22.5517987 88.3965664 -37.5 4.5,22.5517987,88.3965664,-37.5,4.5,15,NA,NA,NA,NA,NA,NA,NA,151,1,0,0,2006,2006,2020-02-06T10:58:00.000+05:30,1,0,1,NA,NA,NA,NA,NA,NA,NA,NA,NA,NA,NA,NA,NA,NA,NA,NA,NA,NA,NA,NA,NA,NA,NA,NA,NA,NA,NA,NA,NA,NA,NA,NA,NA,NA,NA,NA,NA,NA,NA,NA,NA,NA,NA,NA,NA,NA,NA,NA,NA,NA,NA,NA,NA,NA,NA,NA,NA,NA,NA,NA,NA,NA,NA,NA,NA,COA2005,2,NA,0,0,NA,NA,COB2013,2,NA,88,Wooden Storage Box,1,COB2014,88,Hard Plastic,88,Stool (Lower Height),1,COB2015,88,Linen,88,Bed Cover,0,NA,NA,NA,NA,NA,NA,NA,NA,NA,NA,NA,NA,NA,NA,NA,Sample collected by Suvankar Mandal,Buddhadeb Samaddar,1,vntmPzUZE9dnWTCy2cMMgv,7738,e34a0a28-b0e4-4020-b738-fecea78828da,2020-02-06T08:37:02,87,NA,NA,NA,NA,NA,NA,NA
2020-02-06T11:19:43.246+05:30,2020-02-06T14:06:28.236+05:30,NA,NA,352155091473740,58,2,22.551764 88.3962386 -43.29999923706055 5.0,22.551764,88.3962386,-43.29999924,5,15,NA,NA,NA,NA,NA,NA,NA,151,1,0,0,2010,2010,2020-02-06T11:21:00.000+05:30,1,0,1,NA,NA,NA,NA,NA,NA,NA,NA,NA,NA,NA,NA,NA,NA,NA,NA,NA,NA,NA,NA,NA,NA,NA,NA,NA,NA,NA,NA,NA,NA,NA,NA,NA,NA,NA,NA,NA,NA,NA,NA,NA,NA,NA,NA,NA,NA,NA,NA,NA,NA,NA,NA,NA,NA,NA,NA,NA,NA,NA,NA,NA,NA,NA,NA,NA,COA2006,2,NA,0,0,NA,NA,COB2016,88,Hard Plastic,2,NA,1,COB2017,88,Plastic,88,Mat,1,COB2018,88,Linen,88,Bed Cover,0,NA,NA,NA,NA,NA,NA,NA,NA,NA,NA,NA,NA,NA,NA,NA,Sample collected by Somnath Sarkar,Debabrata Maity,1,vntmPzUZE9dnWTCy2cMMgv,7741,f2f8113b-8e42-40d9-aa2d-6dc0bf8c15b5,2020-02-06T08:37:14,90,NA,NA,NA,NA,NA,NA,NA
2020-02-13T11:20:43.896+05:30,2020-02-14T15:22:34.894+05:30,NA,NA,352155091473740,58,2,22.5504404 88.3965627 -61.79999923706055 5.0,22.5504404,88.3965627,-61.79999924,5,15,NA,NA,NA,NA,NA,NA,NA,151,1,0,0,2074,2074,2020-02-13T11:23:00.000+05:30,1,0,1,NA,NA,NA,NA,NA,NA,NA,NA,NA,NA,NA,NA,NA,NA,NA,NA,NA,NA,NA,NA,NA,NA,NA,NA,NA,NA,NA,NA,NA,NA,NA,NA,NA,NA,NA,NA,NA,NA,NA,NA,NA,NA,NA,NA,NA,NA,NA,NA,NA,NA,NA,NA,NA,NA,NA,NA,NA,NA,NA,NA,NA,NA,NA,NA,NA,COA2007,2,NA,0,0,NA,NA,COB2019,88,Linen,88,Bed Cover,0,NA,NA,NA,NA,NA,NA,NA,NA,NA,NA,NA,0,NA,NA,NA,NA,NA,NA,NA,NA,NA,NA,NA,NA,NA,NA,NA,Sample collected by Buddhadeb Samaddar,Debabrata Maity,1,vntmPzUZE9dnWTCy2cMMgv,7976,5cc50625-20de-4c65-a304-8a6016a9f557,2020-02-14T09:52:43,107,NA,NA,NA,NA,NA,NA,NA
2019-08-21T11:32:55.121+05:30,2019-08-21T14:01:32.442+05:30,NA,NA,352155091473740,58,1,22.5532224 88.3984986 -57.70000076293945 5.0,22.5532224,88.3984986,-57.70000076,5,14,141,0,0,0,0,1,0,NA,NA,NA,NA,1058,1058,2019-08-21T11:37:00.000+05:30,1,0,1,NA,FPa1001,1 2,1,0,1,0,0,NA,5,0,0,0,0,1,0,0,NA,NA,NA,NA,NA,NA,NA,NA,NA,NA,NA,NA,NA,NA,NA,NA,NA,NA,NA,NA,NA,NA,NA,NA,NA,NA,NA,NA,NA,NA,NA,NA,NA,NA,NA,NA,NA,NA,NA,NA,NA,NA,NA,NA,NA,NA,NA,NA,NA,NA,NA,NA,NA,NA,NA,NA,NA,NA,NA,NA,NA,NA,NA,NA,NA,NA,NA,NA,NA,NA,NA,NA,0,NA,NA,NA,NA,NA,NA,NA,NA,NA,NA,NA,NA,NA,NA,NA,Sample collected by Somnath Sarkar,Suvankar Mandol,1,v4b25iaRzrPMkey35XgBep,3932,b47a24d4-db98-4b26-958d-594285054840,2019-08-21T08:31:55,13,NA,NA,NA,NA,NA,NA,FPA1001
2019-08-21T11:44:01.564+05:30,2019-08-21T14:01:46.572+05:30,NA,NA,352155091473740,58,1,22.5533175 88.3984231 -42.5 4.5,22.5533175,88.3984231,-42.5,4.5,14,143,0,0,0,1,0,0,NA,NA,NA,NA,1058,1058,2019-08-21T11:45:00.000+05:30,1,0,1,NA,NA,NA,NA,NA,NA,NA,NA,NA,NA,NA,NA,NA,NA,NA,NA,NA,NA,NA,NA,NA,NA,NA,NA,NA,NA,FPc1001,1 2,1,0,1,0,NA,3 6,0,0,1,0,0,0,1,NA,NA,NA,NA,NA,NA,NA,NA,NA,NA,NA,NA,NA,NA,NA,NA,NA,NA,NA,NA,NA,NA,NA,NA,NA,NA,NA,NA,NA,NA,NA,NA,NA,NA,NA,NA,NA,NA,NA,NA,NA,NA,NA,NA,NA,NA,NA,NA,0,NA,NA,NA,NA,NA,NA,NA,NA,NA,NA,NA,NA,NA,NA,NA,Sample collected by Somnath Sarkar,Suvankar Mandol,1,v4b25iaRzrPMkey35XgBep,3933,1db53aa6-d937-4406-9a30-bd05cbbdec30,2019-08-21T08:31:56,14,NA,NA,NA,NA,NA,NA,FPC1001
2019-08-21T11:50:38.313+05:30,2019-08-21T14:01:39.494+05:30,NA,NA,352155091473740,58,1,22.5532794 88.3984784 -56.599998474121094 4.5,22.5532794,88.3984784,-56.59999847,4.5,14,142,0,0,1,0,0,0,NA,NA,NA,NA,1058,1058,2019-08-21T11:51:00.000+05:30,1,0,1,NA,NA,NA,NA,NA,NA,NA,NA,NA,NA,NA,NA,NA,NA,NA,NA,NA,NA,FPb1001,1,1,0,0,0,0,NA,NA,NA,NA,NA,NA,NA,NA,NA,NA,NA,NA,NA,NA,NA,NA,NA,NA,NA,NA,NA,NA,NA,NA,NA,NA,NA,NA,NA,NA,NA,NA,NA,NA,NA,NA,NA,NA,NA,NA,NA,NA,NA,NA,NA,NA,NA,NA,NA,NA,NA,NA,NA,NA,NA,NA,NA,NA,NA,NA,NA,NA,NA,NA,0,NA,NA,NA,NA,NA,NA,NA,NA,NA,NA,NA,NA,NA,NA,NA,Sample collected by Buddhadeb (PBST),Debabrata Maity,1,v4b25iaRzrPMkey35XgBep,3934,e02aeb9d-f43e-4e8b-8f5f-5839a48aea09,2019-08-21T08:31:58,15,NA,NA,NA,NA,NA,NA,FPB1001
2019-08-21T11:55:43.283+05:30,2019-08-21T14:02:03.422+05:30,NA,NA,352155091473740,58,1,22.5532373 88.3984423 -53.0 4.0,22.5532373,88.3984423,-53,4,14,145,0,1,0,0,0,0,NA,NA,NA,NA,1058,1058,2019-08-21T11:57:00.000+05:30,1,0,1,NA,NA,NA,NA,NA,NA,NA,NA,NA,NA,NA,NA,NA,NA,NA,NA,NA,NA,NA,NA,NA,NA,NA,NA,NA,NA,NA,NA,NA,NA,NA,NA,NA,NA,NA,NA,NA,NA,NA,NA,NA,NA,NA,NA,NA,NA,NA,NA,NA,NA,FPe1001,4 5,0,0,0,0,1,1,NA,3,0,1,0,0,NA,NA,NA,NA,NA,NA,NA,NA,NA,NA,NA,NA,NA,NA,NA,NA,NA,NA,NA,NA,NA,NA,NA,NA,NA,0,NA,NA,NA,NA,NA,NA,NA,NA,NA,NA,NA,NA,NA,NA,NA,Sample Collected by Buddhadev (PBST),Debabrata Maity,1,v4b25iaRzrPMkey35XgBep,3935,1f51f3e1-9bb3-4d22-a69f-7dfcff61e345,2019-08-21T08:32:00,16,NA,NA,NA,NA,NA,NA,FPE1001
2019-08-21T12:00:11.386+05:30,2019-08-21T14:01:57.172+05:30,NA,NA,352155091473740,58,1,22.5534442 88.3985161 -55.0 5.0,22.5534442,88.3985161,-55,5,14,144,1,0,0,0,0,0,NA,NA,NA,NA,1058,1058,2019-08-21T12:03:00.000+05:30,1,0,1,NA,NA,NA,NA,NA,NA,NA,NA,NA,NA,NA,NA,NA,NA,NA,NA,NA,NA,NA,NA,NA,NA,NA,NA,NA,NA,NA,NA,NA,NA,NA,NA,NA,NA,NA,NA,NA,NA,NA,NA,NA,NA,FPd1001,4,NA,1,1,NA,NA,NA,NA,NA,NA,NA,NA,NA,NA,NA,NA,NA,NA,NA,NA,NA,NA,NA,NA,NA,NA,NA,NA,NA,NA,NA,NA,NA,NA,NA,NA,NA,NA,NA,NA,NA,NA,NA,NA,NA,NA,0,NA,NA,NA,NA,NA,NA,NA,NA,NA,NA,NA,NA,NA,NA,NA,Sample collected by Debabrata,Biplab Jash,1,v4b25iaRzrPMkey35XgBep,3936,310ec8da-c9fb-4945-9299-2b9753f22792,2019-08-21T08:32:01,17,NA,NA,NA,NA,NA,NA,FPD1001
2019-09-12T10:14:31.698+05:30,2019-09-12T12:18:54.602+05:30,NA,NA,352155091473740,58,1,22.5513227 88.399452 -59.5 5.0,22.5513227,88.399452,-59.5,5,14,143,0,0,0,1,0,0,NA,NA,NA,NA,1080,1080,2019-09-12T10:23:00.000+05:30,3,1,NA,NA,NA,NA,NA,NA,NA,NA,NA,NA,NA,NA,NA,NA,NA,NA,NA,NA,NA,NA,NA,NA,NA,NA,NA,NA,NA,FPc1002,1,1,0,0,0,NA,3,0,0,1,0,0,0,0,NA,NA,NA,NA,NA,NA,NA,NA,NA,NA,NA,NA,NA,NA,NA,NA,NA,NA,NA,NA,NA,NA,NA,NA,NA,NA,NA,NA,NA,NA,NA,NA,NA,NA,NA,NA,NA,NA,NA,NA,NA,NA,NA,NA,NA,NA,NA,NA,0,NA,NA,NA,NA,NA,NA,NA,NA,NA,NA,NA,NA,NA,NA,NA,Sample collected by Somnath Sarkar,Debabrata Maity,1,v4b25iaRzrPMkey35XgBep,4075,a1191541-87e7-4b1e-8004-09e7b48746c7,2019-09-12T06:49:40,26,NA,NA,NA,NA,NA,NA,FPC1002
2019-09-12T10:27:39.205+05:30,2019-09-12T12:18:48.807+05:30,NA,NA,352155091473740,58,1,22.5513942 88.3992999 -54.400001525878906 5.0,22.5513942,88.3992999,-54.40000153,5,14,142,0,0,1,0,0,0,NA,NA,NA,NA,1080,1080,2019-09-12T10:29:00.000+05:30,3,1,NA,NA,NA,NA,NA,NA,NA,NA,NA,NA,NA,NA,NA,NA,NA,NA,NA,NA,NA,FPb1002,1,1,0,0,0,0,NA,NA,NA,NA,NA,NA,NA,NA,NA,NA,NA,NA,NA,NA,NA,NA,NA,NA,NA,NA,NA,NA,NA,NA,NA,NA,NA,NA,NA,NA,NA,NA,NA,NA,NA,NA,NA,NA,NA,NA,NA,NA,NA,NA,NA,NA,NA,NA,NA,NA,NA,NA,NA,NA,NA,NA,NA,NA,NA,NA,NA,NA,NA,NA,0,NA,NA,NA,NA,NA,NA,NA,NA,NA,NA,NA,NA,NA,NA,NA,Sample collected by Suvankar Mandal,Biplab Jash,1,v4b25iaRzrPMkey35XgBep,4076,29e30733-72d0-4025-9655-379b048a642a,2019-09-12T06:49:43,27,NA,NA,NA,NA,NA,NA,FPB1002
2019-09-12T10:35:51.158+05:30,2019-09-12T12:19:04.788+05:30,NA,NA,352155091473740,58,1,22.5514185 88.3992801 -56.79999923706055 5.0,22.5514185,88.3992801,-56.79999924,5,14,145,0,1,0,0,0,0,NA,NA,NA,NA,1080,1080,2019-09-12T10:36:00.000+05:30,3,1,NA,NA,NA,NA,NA,NA,NA,NA,NA,NA,NA,NA,NA,NA,NA,NA,NA,NA,NA,NA,NA,NA,NA,NA,NA,NA,NA,NA,NA,NA,NA,NA,NA,NA,NA,NA,NA,NA,NA,NA,NA,NA,NA,NA,NA,NA,NA,NA,NA,NA,NA,FPe1002,4 5,0,0,0,0,1,1,NA,3,0,1,0,0,NA,NA,NA,NA,NA,NA,NA,NA,NA,NA,NA,NA,NA,NA,NA,NA,NA,NA,NA,NA,NA,NA,NA,NA,NA,0,NA,NA,NA,NA,NA,NA,NA,NA,NA,NA,NA,NA,NA,NA,NA,Sample collected by Buddhadeb Samaddar,Suvankar Mandal,1,v4b25iaRzrPMkey35XgBep,4077,541c73f8-e2bf-4d3a-be38-ebe07d3120e7,2019-09-12T06:49:46,28,NA,NA,NA,NA,NA,NA,FPE1002
2019-09-12T10:40:06.329+05:30,2019-09-12T12:18:59.686+05:30,NA,NA,352155091473740,58,1,22.5513541 88.3993612 -11.600000381469727 5.0,22.5513541,88.3993612,-11.60000038,5,14,144,1,0,0,0,0,0,NA,NA,NA,NA,1080,1080,2019-09-12T10:42:00.000+05:30,3,1,NA,NA,NA,NA,NA,NA,NA,NA,NA,NA,NA,NA,NA,NA,NA,NA,NA,NA,NA,NA,NA,NA,NA,NA,NA,NA,NA,NA,NA,NA,NA,NA,NA,NA,NA,NA,NA,NA,NA,NA,NA,NA,NA,FPd1002,4,NA,1,1,NA,NA,NA,NA,NA,NA,NA,NA,NA,NA,NA,NA,NA,NA,NA,NA,NA,NA,NA,NA,NA,NA,NA,NA,NA,NA,NA,NA,NA,NA,NA,NA,NA,NA,NA,NA,NA,NA,NA,NA,NA,NA,0,NA,NA,NA,NA,NA,NA,NA,NA,NA,NA,NA,NA,NA,NA,NA,Sample collected by Biplab Jash,Suvankar Mandal,1,v4b25iaRzrPMkey35XgBep,4078,9a439813-54ab-46b7-a491-35dee14ad5c7,2019-09-12T06:49:50,29,NA,NA,NA,NA,NA,NA,FPD1002
2019-09-12T10:45:11.431+05:30,2019-09-12T12:18:42.585+05:30,NA,NA,352155091473740,58,1,22.5513774 88.3993761 -35.099998474121094 5.0,22.5513774,88.3993761,-35.09999847,5,14,141,0,0,0,0,1,0,NA,NA,NA,NA,1080,1080,2019-09-12T10:46:00.000+05:30,3,1,NA,NA,FPa1002,1 3,1,1,0,0,0,NA,4 5,0,0,0,0,1,1,0,NA,NA,NA,NA,NA,NA,NA,NA,NA,NA,NA,NA,NA,NA,NA,NA,NA,NA,NA,NA,NA,NA,NA,NA,NA,NA,NA,NA,NA,NA,NA,NA,NA,NA,NA,NA,NA,NA,NA,NA,NA,NA,NA,NA,NA,NA,NA,NA,NA,NA,NA,NA,NA,NA,NA,NA,NA,NA,NA,NA,NA,NA,NA,NA,NA,NA,NA,NA,NA,NA,NA,NA,0,NA,NA,NA,NA,NA,NA,NA,NA,NA,NA,NA,NA,NA,NA,NA,Sample collected by Debabrata Maity,Somnath Sarkar,1,v4b25iaRzrPMkey35XgBep,4079,700f5914-3b1f-4b3c-ba63-c82edfb34144,2019-09-12T06:49:54,30,NA,NA,NA,NA,NA,NA,FPA1002
2019-10-23T10:09:57.776+05:30,2019-10-23T13:08:38.247+05:30,NA,NA,352155091473740,58,1,22.5517324 88.399115 -44.70000076293945 5.0,22.5517324,88.399115,-44.70000076,5,14,141,0,0,0,0,1,0,NA,NA,NA,NA,1079,1079,2019-10-23T10:12:00.000+05:30,2,0,0,1,FPa1003,1,1,0,0,0,0,NA,5,0,0,0,0,1,0,0,NA,NA,NA,NA,NA,NA,NA,NA,NA,NA,NA,NA,NA,NA,NA,NA,NA,NA,NA,NA,NA,NA,NA,NA,NA,NA,NA,NA,NA,NA,NA,NA,NA,NA,NA,NA,NA,NA,NA,NA,NA,NA,NA,NA,NA,NA,NA,NA,NA,NA,NA,NA,NA,NA,NA,NA,NA,NA,NA,NA,NA,NA,NA,NA,NA,NA,NA,NA,NA,NA,NA,NA,0,NA,NA,NA,NA,NA,NA,NA,NA,NA,NA,NA,NA,NA,NA,NA,Sample collected by Debobrata,Abhijit,1,vntmPzUZE9dnWTCy2cMMgv,4637,3c27af76-c22b-4526-bf04-526432c1defc,2019-10-23T07:39:08,36,NA,NA,NA,NA,NA,NA,FPA1003
2019-10-23T10:20:04.217+05:30,2019-10-23T13:08:52.243+05:30,NA,NA,352155091473740,58,1,22.5516146 88.399194 -23.600000381469727 5.0,22.5516146,88.399194,-23.60000038,5,14,143,0,0,0,1,0,0,NA,NA,NA,NA,1079,1079,2019-10-23T10:21:00.000+05:30,2,0,0,1,NA,NA,NA,NA,NA,NA,NA,NA,NA,NA,NA,NA,NA,NA,NA,NA,NA,NA,NA,NA,NA,NA,NA,NA,NA,FPc1003,3,0,1,0,0,NA,5,0,0,0,0,1,0,0,NA,NA,NA,NA,NA,NA,NA,NA,NA,NA,NA,NA,NA,NA,NA,NA,NA,NA,NA,NA,NA,NA,NA,NA,NA,NA,NA,NA,NA,NA,NA,NA,NA,NA,NA,NA,NA,NA,NA,NA,NA,NA,NA,NA,NA,NA,NA,NA,0,NA,NA,NA,NA,NA,NA,NA,NA,NA,NA,NA,NA,NA,NA,NA,Sample collected by Debobrata,Abhijit,1,vntmPzUZE9dnWTCy2cMMgv,4638,35120d0b-3b1e-4072-ab39-44d50449784a,2019-10-23T07:39:12,37,NA,NA,NA,NA,NA,NA,FPC1003
2019-10-23T10:25:24.416+05:30,2019-10-23T13:08:57.969+05:30,NA,NA,352155091473740,58,1,22.5516396 88.3991781 -50.400001525878906 5.0,22.5516396,88.3991781,-50.40000153,5,14,144,1,0,0,0,0,0,NA,NA,NA,NA,1079,1079,2019-10-23T10:26:00.000+05:30,2,0,0,1,NA,NA,NA,NA,NA,NA,NA,NA,NA,NA,NA,NA,NA,NA,NA,NA,NA,NA,NA,NA,NA,NA,NA,NA,NA,NA,NA,NA,NA,NA,NA,NA,NA,NA,NA,NA,NA,NA,NA,NA,NA,FPd1003,4,NA,1,1,NA,NA,NA,NA,NA,NA,NA,NA,NA,NA,NA,NA,NA,NA,NA,NA,NA,NA,NA,NA,NA,NA,NA,NA,NA,NA,NA,NA,NA,NA,NA,NA,NA,NA,NA,NA,NA,NA,NA,NA,NA,NA,0,NA,NA,NA,NA,NA,NA,NA,NA,NA,NA,NA,NA,NA,NA,NA,Sample collected by Debabrata,Abhijit,1,vntmPzUZE9dnWTCy2cMMgv,4639,92014982-89a2-4f1d-8d68-dd31d661092c,2019-10-23T07:39:16,38,NA,NA,NA,NA,NA,NA,FPD1003
2019-10-23T10:33:02.541+05:30,2019-10-23T13:08:45.501+05:30,NA,NA,352155091473740,58,1,22.5516375 88.3993372 -51.599998474121094 5.0,22.5516375,88.3993372,-51.59999847,5,14,142,0,0,1,0,0,0,NA,NA,NA,NA,1079,1079,2019-10-23T10:34:00.000+05:30,2,0,0,1,NA,NA,NA,NA,NA,NA,NA,NA,NA,NA,NA,NA,NA,NA,NA,NA,NA,FPb1003,1,1,0,0,0,0,NA,NA,NA,NA,NA,NA,NA,NA,NA,NA,NA,NA,NA,NA,NA,NA,NA,NA,NA,NA,NA,NA,NA,NA,NA,NA,NA,NA,NA,NA,NA,NA,NA,NA,NA,NA,NA,NA,NA,NA,NA,NA,NA,NA,NA,NA,NA,NA,NA,NA,NA,NA,NA,NA,NA,NA,NA,NA,NA,NA,NA,NA,NA,NA,0,NA,NA,NA,NA,NA,NA,NA,NA,NA,NA,NA,NA,NA,NA,NA,Sample collected by Debabrata,Abhijit,1,vntmPzUZE9dnWTCy2cMMgv,4640,8d9d1492-53bc-424f-b13a-c5eb52949929,2019-10-23T07:39:19,39,NA,NA,NA,NA,NA,NA,FPB1003
2019-10-23T10:39:29.718+05:30,2019-10-23T13:09:03.977+05:30,NA,NA,352155091473740,58,1,22.5516479 88.3992463 -20.200000762939453 5.0,22.5516479,88.3992463,-20.20000076,5,14,145,0,1,0,0,0,0,NA,NA,NA,NA,1079,1079,2019-10-23T10:40:00.000+05:30,2,0,0,1,NA,NA,NA,NA,NA,NA,NA,NA,NA,NA,NA,NA,NA,NA,NA,NA,NA,NA,NA,NA,NA,NA,NA,NA,NA,NA,NA,NA,NA,NA,NA,NA,NA,NA,NA,NA,NA,NA,NA,NA,NA,NA,NA,NA,NA,NA,NA,NA,NA,FPe1003,4,0,0,0,0,0,1,NA,3,0,1,0,0,NA,NA,NA,NA,NA,NA,NA,NA,NA,NA,NA,NA,NA,NA,NA,NA,NA,NA,NA,NA,NA,NA,NA,NA,NA,0,NA,NA,NA,NA,NA,NA,NA,NA,NA,NA,NA,NA,NA,NA,NA,Sample collected by Debabrata,Abhijit,1,vntmPzUZE9dnWTCy2cMMgv,4641,cb9e51d2-1f15-4925-9d36-53c9a9567d63,2019-10-23T07:39:22,40,NA,NA,NA,NA,NA,NA,FPE1003
2019-10-23T10:45:18.395+05:30,2019-10-23T13:08:27.169+05:30,NA,NA,352155091473740,58,1,22.5516498 88.3992834 -57.5 5.0,22.5516498,88.3992834,-57.5,5,14,149,0,0,0,0,0,1,NA,NA,NA,NA,1079,1079,2019-10-23T10:46:00.000+05:30,2,0,0,1,NA,NA,NA,NA,NA,NA,NA,NA,NA,NA,NA,NA,NA,NA,NA,NA,NA,NA,NA,NA,NA,NA,NA,NA,NA,NA,NA,NA,NA,NA,NA,NA,NA,NA,NA,NA,NA,NA,NA,NA,NA,NA,NA,NA,NA,NA,NA,NA,NA,NA,NA,NA,NA,NA,NA,NA,NA,NA,NA,NA,NA,NA,NA,NA,NA,NA,NA,NA,NA,NA,NA,NA,NA,NA,NA,NA,NA,NA,NA,NA,NA,NA,NA,NA,NA,NA,NA,NA,0,NA,NA,NA,NA,NA,NA,NA,NA,NA,NA,NA,NA,NA,NA,NA,Sample collected by Debabrata,Abhijit,1,vntmPzUZE9dnWTCy2cMMgv,4642,1dea7ac0-a526-49ba-9aef-a1028615eb9e,2019-10-23T07:39:25,41,NA,NA,NA,NA,NA,NA,NA
2019-11-06T11:00:54.241+05:30,2019-11-06T14:05:31.765+05:30,NA,NA,352155091473740,58,1,22.5522777 88.399039 -53.70000076293945 5.0,22.5522777,88.399039,-53.70000076,5,14,144,1,0,0,0,0,0,NA,NA,NA,NA,1064,1064,2019-11-06T11:04:00.000+05:30,1,0,0,1,NA,NA,NA,NA,NA,NA,NA,NA,NA,NA,NA,NA,NA,NA,NA,NA,NA,NA,NA,NA,NA,NA,NA,NA,NA,NA,NA,NA,NA,NA,NA,NA,NA,NA,NA,NA,NA,NA,NA,NA,NA,FPd1004,4,NA,1,1,NA,NA,NA,NA,NA,NA,NA,NA,NA,NA,NA,NA,NA,NA,NA,NA,NA,NA,NA,NA,NA,NA,NA,NA,NA,NA,NA,NA,NA,NA,NA,NA,NA,NA,NA,NA,NA,NA,NA,NA,NA,NA,0,NA,NA,NA,NA,NA,NA,NA,NA,NA,NA,NA,NA,NA,NA,NA,"Stored Drinking Water, Sample collected by Buddhadeb Samaddar",Somnath Sarkar,1,vntmPzUZE9dnWTCy2cMMgv,4926,54afd552-cc6c-4088-9685-92556924de7e,2019-11-06T08:35:42,45,NA,NA,NA,NA,NA,NA,FPD1004
2019-11-06T11:12:56.088+05:30,2019-11-06T14:05:36.718+05:30,NA,NA,352155091473740,58,1,22.5523613 88.3991034 -50.79999923706055 5.0,22.5523613,88.3991034,-50.79999924,5,14,145,0,1,0,0,0,0,NA,NA,NA,NA,1064,1064,2019-11-06T11:13:00.000+05:30,1,0,0,1,NA,NA,NA,NA,NA,NA,NA,NA,NA,NA,NA,NA,NA,NA,NA,NA,NA,NA,NA,NA,NA,NA,NA,NA,NA,NA,NA,NA,NA,NA,NA,NA,NA,NA,NA,NA,NA,NA,NA,NA,NA,NA,NA,NA,NA,NA,NA,NA,NA,FPe1004,4 5,0,0,0,0,1,1,NA,3,0,1,0,0,NA,NA,NA,NA,NA,NA,NA,NA,NA,NA,NA,NA,NA,NA,NA,NA,NA,NA,NA,NA,NA,NA,NA,NA,NA,0,NA,NA,NA,NA,NA,NA,NA,NA,NA,NA,NA,NA,NA,NA,NA,Sample collected by Buddhadeb Samaddar,Somnath Sarkar,1,vntmPzUZE9dnWTCy2cMMgv,4927,1944d934-5ebc-4d73-8acd-87259b256023,2019-11-06T08:35:44,46,NA,NA,NA,NA,NA,NA,FPE1004
2019-11-06T11:16:21.333+05:30,2019-11-06T14:05:21.410+05:30,NA,NA,352155091473740,58,1,22.5522651 88.3991336 -41.79999923706055 5.0,22.5522651,88.3991336,-41.79999924,5,14,142,0,0,1,0,0,0,NA,NA,NA,NA,1064,1064,2019-11-06T11:17:00.000+05:30,1,0,0,1,NA,NA,NA,NA,NA,NA,NA,NA,NA,NA,NA,NA,NA,NA,NA,NA,NA,FPb1004,1,1,0,0,0,0,NA,NA,NA,NA,NA,NA,NA,NA,NA,NA,NA,NA,NA,NA,NA,NA,NA,NA,NA,NA,NA,NA,NA,NA,NA,NA,NA,NA,NA,NA,NA,NA,NA,NA,NA,NA,NA,NA,NA,NA,NA,NA,NA,NA,NA,NA,NA,NA,NA,NA,NA,NA,NA,NA,NA,NA,NA,NA,NA,NA,NA,NA,NA,NA,0,NA,NA,NA,NA,NA,NA,NA,NA,NA,NA,NA,NA,NA,NA,NA,Sample collected by Somnath Sarkar,Buddhadeb Samaddar,1,vntmPzUZE9dnWTCy2cMMgv,4928,c0d72e34-1654-4c71-bb7e-c48973763f9f,2019-11-06T08:35:46,47,NA,NA,NA,NA,NA,NA,FPB1004
2019-11-06T11:20:55.128+05:30,2019-11-06T14:05:26.296+05:30,NA,NA,352155091473740,58,1,22.5522383 88.399144 -61.70000076293945 5.0,22.5522383,88.399144,-61.70000076,5,14,143,0,0,0,1,0,0,NA,NA,NA,NA,1064,1064,2019-11-06T11:21:00.000+05:30,1,0,0,1,NA,NA,NA,NA,NA,NA,NA,NA,NA,NA,NA,NA,NA,NA,NA,NA,NA,NA,NA,NA,NA,NA,NA,NA,NA,FPc1004,1,1,0,0,0,NA,3,0,0,1,0,0,0,0,NA,NA,NA,NA,NA,NA,NA,NA,NA,NA,NA,NA,NA,NA,NA,NA,NA,NA,NA,NA,NA,NA,NA,NA,NA,NA,NA,NA,NA,NA,NA,NA,NA,NA,NA,NA,NA,NA,NA,NA,NA,NA,NA,NA,NA,NA,NA,NA,0,NA,NA,NA,NA,NA,NA,NA,NA,NA,NA,NA,NA,NA,NA,NA,Sample collected by Somnath Sarkar,Buddhadeb Samaddar,1,vntmPzUZE9dnWTCy2cMMgv,4929,19983bec-e29d-4179-a0fa-adffa9cd6b09,2019-11-06T08:35:48,48,NA,NA,NA,NA,NA,NA,FPC1004
2019-11-06T11:26:08.702+05:30,2019-11-06T14:05:15.819+05:30,NA,NA,352155091473740,58,1,22.5521867 88.3990944 -56.70000076293945 5.0,22.5521867,88.3990944,-56.70000076,5,14,141,0,0,0,0,1,0,NA,NA,NA,NA,1064,1064,2019-11-06T11:27:00.000+05:30,1,0,0,1,FPa1004,1,1,0,0,0,0,NA,5,0,0,0,0,1,0,0,NA,NA,NA,NA,NA,NA,NA,NA,NA,NA,NA,NA,NA,NA,NA,NA,NA,NA,NA,NA,NA,NA,NA,NA,NA,NA,NA,NA,NA,NA,NA,NA,NA,NA,NA,NA,NA,NA,NA,NA,NA,NA,NA,NA,NA,NA,NA,NA,NA,NA,NA,NA,NA,NA,NA,NA,NA,NA,NA,NA,NA,NA,NA,NA,NA,NA,NA,NA,NA,NA,NA,NA,0,NA,NA,NA,NA,NA,NA,NA,NA,NA,NA,NA,NA,NA,NA,NA,Sample collected by Somnath Sarkar,Buddhadeb Samaddar,1,vntmPzUZE9dnWTCy2cMMgv,4930,324fa2ca-4d1b-445f-8ed1-7fb99418e5e8,2019-11-06T08:35:49,49,NA,NA,NA,NA,NA,NA,FPA1004
2019-11-06T11:33:13.097+05:30,2019-11-06T14:05:02.489+05:30,NA,NA,352155091473740,58,1,22.5522512 88.3990577 -59.79999923706055 5.0,22.5522512,88.3990577,-59.79999924,5,14,149,0,0,0,0,0,1,NA,NA,NA,NA,1064,1064,2019-11-06T11:34:00.000+05:30,1,0,0,1,NA,NA,NA,NA,NA,NA,NA,NA,NA,NA,NA,NA,NA,NA,NA,NA,NA,NA,NA,NA,NA,NA,NA,NA,NA,NA,NA,NA,NA,NA,NA,NA,NA,NA,NA,NA,NA,NA,NA,NA,NA,NA,NA,NA,NA,NA,NA,NA,NA,NA,NA,NA,NA,NA,NA,NA,NA,NA,NA,NA,NA,NA,NA,NA,NA,NA,NA,NA,NA,NA,NA,NA,NA,NA,NA,NA,NA,NA,NA,NA,NA,NA,NA,NA,NA,NA,NA,NA,0,NA,NA,NA,NA,NA,NA,NA,NA,NA,NA,NA,NA,NA,NA,NA,"Sample collected by Somnath Sarkar, FB at SO Food Prep site HH ID 1064",Buddhadeb Samaddar,1,vntmPzUZE9dnWTCy2cMMgv,4931,13239eca-74de-49fe-9d2c-f1ad8d8710ee,2019-11-06T08:35:51,50,NA,NA,NA,NA,NA,NA,NA
2019-11-15T10:29:25.091+05:30,2019-11-15T17:14:49.598+05:30,NA,NA,352155091473740,58,1,22.5515061 88.3996342 3.200000047683716 5.0,22.5515061,88.3996342,3.200000048,5,14,144,1,0,0,0,0,0,NA,NA,NA,NA,1081,1081,2019-11-15T10:31:00.000+05:30,1,0,1,NA,NA,NA,NA,NA,NA,NA,NA,NA,NA,NA,NA,NA,NA,NA,NA,NA,NA,NA,NA,NA,NA,NA,NA,NA,NA,NA,NA,NA,NA,NA,NA,NA,NA,NA,NA,NA,NA,NA,NA,NA,NA,FPd1005,4,NA,1,1,NA,NA,NA,NA,NA,NA,NA,NA,NA,NA,NA,NA,NA,NA,NA,NA,NA,NA,NA,NA,NA,NA,NA,NA,NA,NA,NA,NA,NA,NA,NA,NA,NA,NA,NA,NA,NA,NA,NA,NA,NA,NA,1,1,0,0,1,0,0,0,0,0,0,0,0,NA,1,NA,Sample collected by Somnath Sarkar,Ashis Saha,1,vntmPzUZE9dnWTCy2cMMgv,5240,09cf1db7-2936-4b17-8a62-9bdf4d740e91,2019-11-15T11:45:43,54,NA,NA,NA,NA,NA,NA,FPD1005
2019-11-15T10:34:15.026+05:30,2019-11-15T17:14:39.215+05:30,NA,NA,352155091473740,58,1,22.5516738 88.3996363 -37.20000076293945 5.0,22.5516738,88.3996363,-37.20000076,5,14,142,0,0,1,0,0,0,NA,NA,NA,NA,1081,1081,2019-11-15T10:37:00.000+05:30,1,0,1,NA,NA,NA,NA,NA,NA,NA,NA,NA,NA,NA,NA,NA,NA,NA,NA,NA,NA,FPb1005,1,1,0,0,0,0,NA,NA,NA,NA,NA,NA,NA,NA,NA,NA,NA,NA,NA,NA,NA,NA,NA,NA,NA,NA,NA,NA,NA,NA,NA,NA,NA,NA,NA,NA,NA,NA,NA,NA,NA,NA,NA,NA,NA,NA,NA,NA,NA,NA,NA,NA,NA,NA,NA,NA,NA,NA,NA,NA,NA,NA,NA,NA,NA,NA,NA,NA,NA,NA,1,1,0,0,1,0,0,0,0,0,0,0,0,NA,1,NA,Sample collected by Somnath Sarkar,Ashis Saha,1,vntmPzUZE9dnWTCy2cMMgv,5241,37f2d7a1-cc59-431e-9018-23fc73b7abe5,2019-11-15T11:45:45,55,NA,NA,NA,NA,NA,NA,FPB1005
2019-11-15T10:45:20.998+05:30,2019-11-15T17:14:54.726+05:30,NA,NA,352155091473740,58,1,22.5517135 88.3996701 -48.099998474121094 5.0,22.5517135,88.3996701,-48.09999847,5,14,145,0,1,0,0,0,0,NA,NA,NA,NA,1081,1081,2019-11-15T10:46:00.000+05:30,1,0,1,NA,NA,NA,NA,NA,NA,NA,NA,NA,NA,NA,NA,NA,NA,NA,NA,NA,NA,NA,NA,NA,NA,NA,NA,NA,NA,NA,NA,NA,NA,NA,NA,NA,NA,NA,NA,NA,NA,NA,NA,NA,NA,NA,NA,NA,NA,NA,NA,NA,NA,FPe1005,4 5,0,0,0,0,1,1,NA,3,0,1,0,0,NA,NA,NA,NA,NA,NA,NA,NA,NA,NA,NA,NA,NA,NA,NA,NA,NA,NA,NA,NA,NA,NA,NA,NA,NA,0,NA,NA,NA,NA,NA,NA,NA,NA,NA,NA,NA,NA,NA,NA,NA,Sample collected by Somnath Sarkar,Ashis Saha,1,vntmPzUZE9dnWTCy2cMMgv,5242,9f901036-69be-4320-9271-56a00d6eea78,2019-11-15T11:45:50,56,NA,NA,NA,NA,NA,NA,FPE1005
2019-11-15T10:49:30.666+05:30,2019-11-15T17:14:34.323+05:30,NA,NA,352155091473740,58,1,22.5517916 88.3996426 -39.400001525878906 5.0,22.5517916,88.3996426,-39.40000153,5,14,141,0,0,0,0,1,0,NA,NA,NA,NA,1081,1081,2019-11-15T10:50:00.000+05:30,1,0,1,NA,FPa1005,3,0,1,0,0,0,NA,4,0,0,0,0,0,1,0,NA,NA,NA,NA,NA,NA,NA,NA,NA,NA,NA,NA,NA,NA,NA,NA,NA,NA,NA,NA,NA,NA,NA,NA,NA,NA,NA,NA,NA,NA,NA,NA,NA,NA,NA,NA,NA,NA,NA,NA,NA,NA,NA,NA,NA,NA,NA,NA,NA,NA,NA,NA,NA,NA,NA,NA,NA,NA,NA,NA,NA,NA,NA,NA,NA,NA,NA,NA,NA,NA,NA,NA,0,NA,NA,NA,NA,NA,NA,NA,NA,NA,NA,NA,NA,NA,NA,NA,Sample collected by Somnath Sarkar,Ashis Saha,1,vntmPzUZE9dnWTCy2cMMgv,5243,d64a8bc4-c6f3-40b9-9185-7fdad8e0f8de,2019-11-15T11:45:52,57,NA,NA,NA,NA,NA,NA,FPA1005
2019-11-15T10:53:04.968+05:30,2019-11-15T17:14:44.843+05:30,NA,NA,352155091473740,58,1,22.5517654 88.3996069 -62.599998474121094 5.0,22.5517654,88.3996069,-62.59999847,5,14,143,0,0,0,1,0,0,NA,NA,NA,NA,1081,1081,2019-11-15T10:53:00.000+05:30,1,0,1,NA,NA,NA,NA,NA,NA,NA,NA,NA,NA,NA,NA,NA,NA,NA,NA,NA,NA,NA,NA,NA,NA,NA,NA,NA,NA,FPc1005,1,1,0,0,0,NA,3,0,0,1,0,0,0,0,NA,NA,NA,NA,NA,NA,NA,NA,NA,NA,NA,NA,NA,NA,NA,NA,NA,NA,NA,NA,NA,NA,NA,NA,NA,NA,NA,NA,NA,NA,NA,NA,NA,NA,NA,NA,NA,NA,NA,NA,NA,NA,NA,NA,NA,NA,NA,NA,0,NA,NA,NA,NA,NA,NA,NA,NA,NA,NA,NA,NA,NA,NA,NA,Sample collected by Somnath Sarkar,Ashis Saha,1,vntmPzUZE9dnWTCy2cMMgv,5244,126683c5-b1dd-4fc5-b4e7-ee6b9259e131,2019-11-15T11:45:54,58,NA,NA,NA,NA,NA,NA,FPC1005
2019-11-15T10:57:07.114+05:30,2019-11-15T17:14:29.146+05:30,NA,NA,352155091473740,58,1,22.5517085 88.3996718 -43.79999923706055 5.0,22.5517085,88.3996718,-43.79999924,5,14,149,0,0,0,0,0,1,NA,NA,NA,NA,1081,1081,2019-11-15T10:57:00.000+05:30,1,0,1,NA,NA,NA,NA,NA,NA,NA,NA,NA,NA,NA,NA,NA,NA,NA,NA,NA,NA,NA,NA,NA,NA,NA,NA,NA,NA,NA,NA,NA,NA,NA,NA,NA,NA,NA,NA,NA,NA,NA,NA,NA,NA,NA,NA,NA,NA,NA,NA,NA,NA,NA,NA,NA,NA,NA,NA,NA,NA,NA,NA,NA,NA,NA,NA,NA,NA,NA,NA,NA,NA,NA,NA,NA,NA,NA,NA,NA,NA,NA,NA,NA,NA,NA,NA,NA,NA,NA,NA,NA,0,NA,NA,NA,NA,NA,NA,NA,NA,NA,NA,NA,NA,NA,NA,NA,Sample collected by Somnath Sarkar,Ashis Saha,1,vntmPzUZE9dnWTCy2cMMgv,5245,5357bc2f-1a7b-4eef-8a23-c576e30ef373,2019-11-15T11:45:57,59,NA,NA,NA,NA,NA,NA,NA
2019-11-27T10:57:39.415+05:30,2019-11-28T17:16:32.606+05:30,NA,NA,352155091473740,58,1,22.5529303 88.3988971 -62.099998474121094 5.0,22.5529303,88.3988971,-62.09999847,5,14,144,1,0,0,0,0,0,NA,NA,NA,NA,1052,1052,2019-11-27T11:00:00.000+05:30,1,0,0,1,NA,NA,NA,NA,NA,NA,NA,NA,NA,NA,NA,NA,NA,NA,NA,NA,NA,NA,NA,NA,NA,NA,NA,NA,NA,NA,NA,NA,NA,NA,NA,NA,NA,NA,NA,NA,NA,NA,NA,NA,NA,FPd1006,4,NA,1,1,NA,NA,NA,NA,NA,NA,NA,NA,NA,NA,NA,NA,NA,NA,NA,NA,NA,NA,NA,NA,NA,NA,NA,NA,NA,NA,NA,NA,NA,NA,NA,NA,NA,NA,NA,NA,NA,NA,NA,NA,NA,NA,0,NA,NA,NA,NA,NA,NA,NA,NA,NA,NA,NA,NA,NA,NA,NA,Sample collected by Somnath Sarkar,Suvankar Mandal,1,vntmPzUZE9dnWTCy2cMMgv,5704,f4e934f0-d345-4ec4-984a-3703a99a709a,2019-11-28T11:46:52,63,NA,NA,NA,NA,NA,NA,FPD1006
2019-11-27T11:03:14.491+05:30,2019-11-28T17:16:22.678+05:30,NA,NA,352155091473740,58,1,22.5529278 88.3988194 -63.0 5.0,22.5529278,88.3988194,-63,5,14,142,0,0,1,0,0,0,NA,NA,NA,NA,1052,1052,2019-11-27T11:03:00.000+05:30,1,0,0,1,NA,NA,NA,NA,NA,NA,NA,NA,NA,NA,NA,NA,NA,NA,NA,NA,NA,FPb1006,1,1,0,0,0,0,NA,NA,NA,NA,NA,NA,NA,NA,NA,NA,NA,NA,NA,NA,NA,NA,NA,NA,NA,NA,NA,NA,NA,NA,NA,NA,NA,NA,NA,NA,NA,NA,NA,NA,NA,NA,NA,NA,NA,NA,NA,NA,NA,NA,NA,NA,NA,NA,NA,NA,NA,NA,NA,NA,NA,NA,NA,NA,NA,NA,NA,NA,NA,NA,0,NA,NA,NA,NA,NA,NA,NA,NA,NA,NA,NA,NA,NA,NA,NA,Sample collected by Somnath Sarkar,Suvankar Mandal,1,vntmPzUZE9dnWTCy2cMMgv,5705,81bbcc52-7b69-4ba0-b94d-da585ead48f1,2019-11-28T11:46:55,64,NA,NA,NA,NA,NA,NA,FPB1006
2019-11-27T11:07:11.366+05:30,2019-11-28T17:16:37.380+05:30,NA,NA,352155091473740,58,1,22.5528693 88.3988208 -74.80000305175781 5.0,22.5528693,88.3988208,-74.80000305,5,14,145,0,1,0,0,0,0,NA,NA,NA,NA,1052,1052,2019-11-27T11:08:00.000+05:30,1,0,0,1,NA,NA,NA,NA,NA,NA,NA,NA,NA,NA,NA,NA,NA,NA,NA,NA,NA,NA,NA,NA,NA,NA,NA,NA,NA,NA,NA,NA,NA,NA,NA,NA,NA,NA,NA,NA,NA,NA,NA,NA,NA,NA,NA,NA,NA,NA,NA,NA,NA,FPe1006,4,0,0,0,0,0,1,NA,3,0,1,0,0,NA,NA,NA,NA,NA,NA,NA,NA,NA,NA,NA,NA,NA,NA,NA,NA,NA,NA,NA,NA,NA,NA,NA,NA,NA,0,NA,NA,NA,NA,NA,NA,NA,NA,NA,NA,NA,NA,NA,NA,NA,Sample collected by Somnath Sarkar,Suvankar Mandal,1,vntmPzUZE9dnWTCy2cMMgv,5706,5c29e917-89ef-4086-aee2-60bd6ea6c683,2019-11-28T11:46:58,65,NA,NA,NA,NA,NA,NA,FPE1006
2019-11-27T11:10:24.357+05:30,2019-11-28T17:16:17.641+05:30,NA,NA,352155091473740,58,1,22.5529145 88.3988056 -60.0 5.0,22.5529145,88.3988056,-60,5,14,141,0,0,0,0,1,0,NA,NA,NA,NA,1052,1052,2019-11-27T11:12:00.000+05:30,1,0,0,1,FPa1006,1 3,1,1,0,0,0,NA,4 5,0,0,0,0,1,1,0,NA,NA,NA,NA,NA,NA,NA,NA,NA,NA,NA,NA,NA,NA,NA,NA,NA,NA,NA,NA,NA,NA,NA,NA,NA,NA,NA,NA,NA,NA,NA,NA,NA,NA,NA,NA,NA,NA,NA,NA,NA,NA,NA,NA,NA,NA,NA,NA,NA,NA,NA,NA,NA,NA,NA,NA,NA,NA,NA,NA,NA,NA,NA,NA,NA,NA,NA,NA,NA,NA,NA,NA,0,NA,NA,NA,NA,NA,NA,NA,NA,NA,NA,NA,NA,NA,NA,NA,Sample collected by Somnath Sarkar,Suvankar Mandal,1,vntmPzUZE9dnWTCy2cMMgv,5707,ddd1afdd-fe07-4498-b2c4-60d86d961299,2019-11-28T11:47:02,66,NA,NA,NA,NA,NA,NA,FPA1006
2019-11-27T11:15:47.911+05:30,2019-11-28T17:16:27.704+05:30,NA,NA,352155091473740,58,1,22.5528677 88.3988329 -48.29999923706055 5.0,22.5528677,88.3988329,-48.29999924,5,14,143,0,0,0,1,0,0,NA,NA,NA,NA,1052,1052,2019-11-27T11:16:00.000+05:30,1,0,0,1,NA,NA,NA,NA,NA,NA,NA,NA,NA,NA,NA,NA,NA,NA,NA,NA,NA,NA,NA,NA,NA,NA,NA,NA,NA,FPc1006,1,1,0,0,0,NA,3,0,0,1,0,0,0,0,NA,NA,NA,NA,NA,NA,NA,NA,NA,NA,NA,NA,NA,NA,NA,NA,NA,NA,NA,NA,NA,NA,NA,NA,NA,NA,NA,NA,NA,NA,NA,NA,NA,NA,NA,NA,NA,NA,NA,NA,NA,NA,NA,NA,NA,NA,NA,NA,0,NA,NA,NA,NA,NA,NA,NA,NA,NA,NA,NA,NA,NA,NA,NA,Sample collected by Somnath Sarkar,Suvankar Mandal,1,vntmPzUZE9dnWTCy2cMMgv,5708,8e35926d-b22b-4227-91bd-89ae25222837,2019-11-28T11:47:05,67,NA,NA,NA,NA,NA,NA,FPC1006
2019-11-27T11:26:03.988+05:30,2019-11-28T17:16:11.499+05:30,NA,NA,352155091473740,58,1,22.5529219 88.398816 -60.0 5.0,22.5529219,88.398816,-60,5,14,149,0,0,0,0,0,1,NA,NA,NA,NA,1052,1052,2019-11-27T11:26:00.000+05:30,1,0,0,1,NA,NA,NA,NA,NA,NA,NA,NA,NA,NA,NA,NA,NA,NA,NA,NA,NA,NA,NA,NA,NA,NA,NA,NA,NA,NA,NA,NA,NA,NA,NA,NA,NA,NA,NA,NA,NA,NA,NA,NA,NA,NA,NA,NA,NA,NA,NA,NA,NA,NA,NA,NA,NA,NA,NA,NA,NA,NA,NA,NA,NA,NA,NA,NA,NA,NA,NA,NA,NA,NA,NA,NA,NA,NA,NA,NA,NA,NA,NA,NA,NA,NA,NA,NA,NA,NA,NA,NA,0,NA,NA,NA,NA,NA,NA,NA,NA,NA,NA,NA,NA,NA,NA,NA,Sample collected by Somnath Sarkar,Suvankar Mandal,1,vntmPzUZE9dnWTCy2cMMgv,5709,abcf0432-9909-4b1d-9df7-1ea81261c3dd,2019-11-28T11:47:09,68,NA,NA,NA,NA,NA,NA,NA
2020-01-22T11:08:55.686+05:30,2020-01-22T17:08:36.813+05:30,NA,NA,352155091473740,58,2,22.5516195 88.3960772 -53.29999923706055 5.0,22.5516195,88.3960772,-53.29999924,5,14,144,1,0,0,0,0,0,NA,NA,NA,NA,2018,2018,2020-01-22T11:16:00.000+05:30,1,0,0,1,NA,NA,NA,NA,NA,NA,NA,NA,NA,NA,NA,NA,NA,NA,NA,NA,NA,NA,NA,NA,NA,NA,NA,NA,NA,NA,NA,NA,NA,NA,NA,NA,NA,NA,NA,NA,NA,NA,NA,NA,NA,FPd2001,3,NA,1,1,NA,NA,NA,NA,NA,NA,NA,NA,NA,NA,NA,NA,NA,NA,NA,NA,NA,NA,NA,NA,NA,NA,NA,NA,NA,NA,NA,NA,NA,NA,NA,NA,NA,NA,NA,NA,NA,NA,NA,NA,NA,NA,0,NA,NA,NA,NA,NA,NA,NA,NA,NA,NA,NA,NA,NA,NA,NA,Sample collected by Suvankar,Abhijit,1,vntmPzUZE9dnWTCy2cMMgv,7421,e83efe05-0342-40d9-8ed7-a2d42b9fca44,2020-01-22T11:38:44,75,NA,NA,NA,NA,NA,NA,FPD2001
2020-01-22T11:26:07.024+05:30,2020-01-22T17:08:26.675+05:30,NA,NA,352155091473740,58,2,22.5517137 88.3960723 -31.700000762939453 5.0,22.5517137,88.3960723,-31.70000076,5,14,142,0,0,1,0,0,0,NA,NA,NA,NA,2018,2018,2020-01-22T11:27:00.000+05:30,1,0,0,1,NA,NA,NA,NA,NA,NA,NA,NA,NA,NA,NA,NA,NA,NA,NA,NA,NA,FPb2001,1,1,0,0,0,0,NA,NA,NA,NA,NA,NA,NA,NA,NA,NA,NA,NA,NA,NA,NA,NA,NA,NA,NA,NA,NA,NA,NA,NA,NA,NA,NA,NA,NA,NA,NA,NA,NA,NA,NA,NA,NA,NA,NA,NA,NA,NA,NA,NA,NA,NA,NA,NA,NA,NA,NA,NA,NA,NA,NA,NA,NA,NA,NA,NA,NA,NA,NA,NA,0,NA,NA,NA,NA,NA,NA,NA,NA,NA,NA,NA,NA,NA,NA,NA,Sample collected by Suvankar,Abhijit,1,vntmPzUZE9dnWTCy2cMMgv,7422,f18682c4-0125-470b-b387-7633adebeb87,2020-01-22T11:38:49,76,NA,NA,NA,NA,NA,NA,FPB2001
2020-01-22T11:32:28.927+05:30,2020-01-22T17:08:41.435+05:30,NA,NA,352155091473740,58,2,22.5517183 88.3960433 -15.899999618530273 5.0,22.5517183,88.3960433,-15.89999962,5,14,145,0,1,0,0,0,0,NA,NA,NA,NA,2018,2018,2020-01-22T11:33:00.000+05:30,1,0,0,1,NA,NA,NA,NA,NA,NA,NA,NA,NA,NA,NA,NA,NA,NA,NA,NA,NA,NA,NA,NA,NA,NA,NA,NA,NA,NA,NA,NA,NA,NA,NA,NA,NA,NA,NA,NA,NA,NA,NA,NA,NA,NA,NA,NA,NA,NA,NA,NA,NA,FPe2001,4 88,1,0,0,0,0,1,Lentil Stirrer (wood),1 3,1,1,0,0,NA,NA,NA,NA,NA,NA,NA,NA,NA,NA,NA,NA,NA,NA,NA,NA,NA,NA,NA,NA,NA,NA,NA,NA,NA,0,NA,NA,NA,NA,NA,NA,NA,NA,NA,NA,NA,NA,NA,NA,NA,Sample collected by Suvankar,Abhijit,1,vntmPzUZE9dnWTCy2cMMgv,7423,a5089fdb-61a6-470a-bb18-eb1a1e0dbb2e,2020-01-22T11:38:52,77,NA,NA,NA,NA,NA,NA,FPE2001
2020-01-22T11:40:10.815+05:30,2020-01-22T17:08:21.514+05:30,NA,NA,352155091473740,58,2,22.5516938 88.3960262 -30.100000381469727 5.0,22.5516938,88.3960262,-30.10000038,5,14,141,0,0,0,0,1,0,NA,NA,NA,NA,2018,2018,2020-01-22T11:41:00.000+05:30,1,0,0,1,FPa2001,1 3,1,1,0,0,0,NA,4 5,0,0,0,0,1,1,0,NA,NA,NA,NA,NA,NA,NA,NA,NA,NA,NA,NA,NA,NA,NA,NA,NA,NA,NA,NA,NA,NA,NA,NA,NA,NA,NA,NA,NA,NA,NA,NA,NA,NA,NA,NA,NA,NA,NA,NA,NA,NA,NA,NA,NA,NA,NA,NA,NA,NA,NA,NA,NA,NA,NA,NA,NA,NA,NA,NA,NA,NA,NA,NA,NA,NA,NA,NA,NA,NA,NA,NA,0,NA,NA,NA,NA,NA,NA,NA,NA,NA,NA,NA,NA,NA,NA,NA,Sample collected by Suvankar,Abhijit,1,vntmPzUZE9dnWTCy2cMMgv,7424,bc4d2ffc-231d-4342-9ba1-b68cda64e316,2020-01-22T11:38:56,78,NA,NA,NA,NA,NA,NA,FPA2001
2020-01-22T11:42:43.596+05:30,2020-01-22T17:08:31.702+05:30,NA,NA,352155091473740,58,2,22.5516019 88.396004 -60.79999923706055 5.0,22.5516019,88.396004,-60.79999924,5,14,143,0,0,0,1,0,0,NA,NA,NA,NA,2018,2018,2020-01-22T11:43:00.000+05:30,1,0,0,1,NA,NA,NA,NA,NA,NA,NA,NA,NA,NA,NA,NA,NA,NA,NA,NA,NA,NA,NA,NA,NA,NA,NA,NA,NA,FPc2001,1,1,0,0,0,NA,3,0,0,1,0,0,0,0,NA,NA,NA,NA,NA,NA,NA,NA,NA,NA,NA,NA,NA,NA,NA,NA,NA,NA,NA,NA,NA,NA,NA,NA,NA,NA,NA,NA,NA,NA,NA,NA,NA,NA,NA,NA,NA,NA,NA,NA,NA,NA,NA,NA,NA,NA,NA,NA,0,NA,NA,NA,NA,NA,NA,NA,NA,NA,NA,NA,NA,NA,NA,NA,Sample collected by Suvankar,Abhijit,1,vntmPzUZE9dnWTCy2cMMgv,7425,698cdb5e-b2d9-4c24-8e0a-016e5f6ac0ae,2020-01-22T11:39:00,79,NA,NA,NA,NA,NA,NA,FPC2001
2020-01-22T11:50:54.814+05:30,2020-01-22T17:08:16.310+05:30,NA,NA,352155091473740,58,2,22.5517188 88.3959997 -42.0 4.5,22.5517188,88.3959997,-42,4.5,14,149,0,0,0,0,0,1,NA,NA,NA,NA,2018,2018,2020-01-22T11:52:00.000+05:30,1,0,0,1,NA,NA,NA,NA,NA,NA,NA,NA,NA,NA,NA,NA,NA,NA,NA,NA,NA,NA,NA,NA,NA,NA,NA,NA,NA,NA,NA,NA,NA,NA,NA,NA,NA,NA,NA,NA,NA,NA,NA,NA,NA,NA,NA,NA,NA,NA,NA,NA,NA,NA,NA,NA,NA,NA,NA,NA,NA,NA,NA,NA,NA,NA,NA,NA,NA,NA,NA,NA,NA,NA,NA,NA,NA,NA,NA,NA,NA,NA,NA,NA,NA,NA,NA,NA,NA,NA,NA,NA,0,NA,NA,NA,NA,NA,NA,NA,NA,NA,NA,NA,NA,NA,NA,NA,Sample collected by Suvankar,Abhijit,1,vntmPzUZE9dnWTCy2cMMgv,7426,cc36802a-b964-424c-8e92-1a275f383695,2020-01-22T11:39:03,80,NA,NA,NA,NA,NA,NA,NA
2020-02-13T11:47:12.864+05:30,2020-02-14T15:20:10.414+05:30,NA,NA,352155091473740,58,2,22.5488068 88.3981321 -45.400001525878906 5.0,22.5488068,88.3981321,-45.40000153,5,14,141,0,0,0,0,1,0,NA,NA,NA,NA,2088,2088,2020-02-13T11:49:00.000+05:30,1,0,1,NA,FPa2002,1 3,1,1,0,0,0,NA,4 5,0,0,0,0,1,1,0,NA,NA,NA,NA,NA,NA,NA,NA,NA,NA,NA,NA,NA,NA,NA,NA,NA,NA,NA,NA,NA,NA,NA,NA,NA,NA,NA,NA,NA,NA,NA,NA,NA,NA,NA,NA,NA,NA,NA,NA,NA,NA,NA,NA,NA,NA,NA,NA,NA,NA,NA,NA,NA,NA,NA,NA,NA,NA,NA,NA,NA,NA,NA,NA,NA,NA,NA,NA,NA,NA,NA,NA,0,NA,NA,NA,NA,NA,NA,NA,NA,NA,NA,NA,NA,NA,NA,NA,Sample collected by Buddhadeb Samaddar,Debabrata Maity,1,vntmPzUZE9dnWTCy2cMMgv,7964,3303e899-d0bc-42d0-943c-177ba050e59f,2020-02-14T09:51:29,95,NA,NA,NA,NA,NA,NA,FPA2002
2020-02-13T11:50:40.801+05:30,2020-02-14T15:20:43.291+05:30,NA,NA,352155091473740,58,2,22.5489135 88.3981346 -40.0 5.0,22.5489135,88.3981346,-40,5,14,143,0,0,0,1,0,0,NA,NA,NA,NA,2088,2088,2020-02-13T11:53:00.000+05:30,1,0,1,NA,NA,NA,NA,NA,NA,NA,NA,NA,NA,NA,NA,NA,NA,NA,NA,NA,NA,NA,NA,NA,NA,NA,NA,NA,NA,FPc2002,1,1,0,0,0,NA,3,0,0,1,0,0,0,0,NA,NA,NA,NA,NA,NA,NA,NA,NA,NA,NA,NA,NA,NA,NA,NA,NA,NA,NA,NA,NA,NA,NA,NA,NA,NA,NA,NA,NA,NA,NA,NA,NA,NA,NA,NA,NA,NA,NA,NA,NA,NA,NA,NA,NA,NA,NA,NA,0,NA,NA,NA,NA,NA,NA,NA,NA,NA,NA,NA,NA,NA,NA,NA,Sample collected by Buddhadeb Samaddar,Debabrata Maity,1,vntmPzUZE9dnWTCy2cMMgv,7965,a13941c2-62d0-4a80-8c1e-c1b2cc78da4f,2020-02-14T09:51:32,96,NA,NA,NA,NA,NA,NA,FPC2002
2020-02-13T11:57:23.797+05:30,2020-02-14T15:20:25.357+05:30,NA,NA,352155091473740,58,2,22.5487971 88.3980988 -41.70000076293945 5.0,22.5487971,88.3980988,-41.70000076,5,14,142,0,0,1,0,0,0,NA,NA,NA,NA,2088,2088,2020-02-13T11:58:00.000+05:30,1,0,1,NA,NA,NA,NA,NA,NA,NA,NA,NA,NA,NA,NA,NA,NA,NA,NA,NA,NA,FPb2002,1,1,0,0,0,0,NA,NA,NA,NA,NA,NA,NA,NA,NA,NA,NA,NA,NA,NA,NA,NA,NA,NA,NA,NA,NA,NA,NA,NA,NA,NA,NA,NA,NA,NA,NA,NA,NA,NA,NA,NA,NA,NA,NA,NA,NA,NA,NA,NA,NA,NA,NA,NA,NA,NA,NA,NA,NA,NA,NA,NA,NA,NA,NA,NA,NA,NA,NA,NA,0,NA,NA,NA,NA,NA,NA,NA,NA,NA,NA,NA,NA,NA,NA,NA,Sample collected by Buddhadeb Samaddar,Debabrata Maity,1,vntmPzUZE9dnWTCy2cMMgv,7966,fae09c56-54b1-4ee1-b2ae-1555f802b32d,2020-02-14T09:51:36,97,NA,NA,NA,NA,NA,NA,FPB2002
2020-02-13T11:59:51.924+05:30,2020-02-14T15:20:55.182+05:30,NA,NA,352155091473740,58,2,22.54886 88.3981021 -48.0 5.0,22.54886,88.3981021,-48,5,14,144,1,0,0,0,0,0,NA,NA,NA,NA,2088,2088,2020-02-13T12:00:00.000+05:30,1,0,1,NA,NA,NA,NA,NA,NA,NA,NA,NA,NA,NA,NA,NA,NA,NA,NA,NA,NA,NA,NA,NA,NA,NA,NA,NA,NA,NA,NA,NA,NA,NA,NA,NA,NA,NA,NA,NA,NA,NA,NA,NA,NA,FPd2002,4,NA,1,1,NA,NA,NA,NA,NA,NA,NA,NA,NA,NA,NA,NA,NA,NA,NA,NA,NA,NA,NA,NA,NA,NA,NA,NA,NA,NA,NA,NA,NA,NA,NA,NA,NA,NA,NA,NA,NA,NA,NA,NA,NA,NA,0,NA,NA,NA,NA,NA,NA,NA,NA,NA,NA,NA,NA,NA,NA,NA,Sample collected by Buddhadeb Samaddar,Debabrata Maity,1,vntmPzUZE9dnWTCy2cMMgv,7967,c66ebfe9-9118-458c-9d7e-7decb4ad5d88,2020-02-14T09:51:39,98,NA,NA,NA,NA,NA,NA,FPD2002
2020-02-13T12:04:08.852+05:30,2020-02-14T15:21:08.964+05:30,NA,NA,352155091473740,58,2,22.5487949 88.3981153 -36.79999923706055 5.0,22.5487949,88.3981153,-36.79999924,5,14,145,0,1,0,0,0,0,NA,NA,NA,NA,2088,2088,2020-02-13T12:05:00.000+05:30,1,0,1,NA,NA,NA,NA,NA,NA,NA,NA,NA,NA,NA,NA,NA,NA,NA,NA,NA,NA,NA,NA,NA,NA,NA,NA,NA,NA,NA,NA,NA,NA,NA,NA,NA,NA,NA,NA,NA,NA,NA,NA,NA,NA,NA,NA,NA,NA,NA,NA,NA,NA,FPe2002,5,0,0,0,0,1,0,NA,3,0,1,0,0,NA,NA,NA,NA,NA,NA,NA,NA,NA,NA,NA,NA,NA,NA,NA,NA,NA,NA,NA,NA,NA,NA,NA,NA,NA,0,NA,NA,NA,NA,NA,NA,NA,NA,NA,NA,NA,NA,NA,NA,NA,Sample collected by Buddhadeb Samaddar,Debabrata Maity,1,vntmPzUZE9dnWTCy2cMMgv,7968,3ed2edd5-6808-42ee-b3b8-12ca72539bb5,2020-02-14T09:51:43,99,NA,NA,NA,NA,NA,NA,FPE2002
2020-02-13T12:12:22.907+05:30,2020-02-14T15:19:58.010+05:30,NA,NA,352155091473740,58,2,22.5488995 88.3981576 -46.20000076293945 5.0,22.5488995,88.3981576,-46.20000076,5,14,149,0,0,0,0,0,1,NA,NA,NA,NA,2088,2088,2020-02-13T12:13:00.000+05:30,1,0,1,NA,NA,NA,NA,NA,NA,NA,NA,NA,NA,NA,NA,NA,NA,NA,NA,NA,NA,NA,NA,NA,NA,NA,NA,NA,NA,NA,NA,NA,NA,NA,NA,NA,NA,NA,NA,NA,NA,NA,NA,NA,NA,NA,NA,NA,NA,NA,NA,NA,NA,NA,NA,NA,NA,NA,NA,NA,NA,NA,NA,NA,NA,NA,NA,NA,NA,NA,NA,NA,NA,NA,NA,NA,NA,NA,NA,NA,NA,NA,NA,NA,NA,NA,NA,NA,NA,NA,NA,NA,0,NA,NA,NA,NA,NA,NA,NA,NA,NA,NA,NA,NA,NA,NA,NA,"Sample collected by Buddhadeb, FB at HH ID 2088 Food Prep site",Debabrata Maity,1,vntmPzUZE9dnWTCy2cMMgv,7969,74429a09-bfa5-4fd0-9e34-1129d2b098b7,2020-02-14T09:51:47,100,NA,NA,NA,NA,NA,NA,NA
2020-02-13T12:34:37.327+05:30,2020-02-14T15:20:18.722+05:30,NA,NA,352155091473740,58,2,22.5509846 88.3967661 -52.400001525878906 5.0,22.5509846,88.3967661,-52.40000153,5,14,141,0,0,0,0,1,0,NA,NA,NA,NA,2072,2072,2020-02-13T12:35:00.000+05:30,1,0,1,NA,FPa2003,1 3,1,1,0,0,0,NA,4 5,0,0,0,0,1,1,0,NA,NA,NA,NA,NA,NA,NA,NA,NA,NA,NA,NA,NA,NA,NA,NA,NA,NA,NA,NA,NA,NA,NA,NA,NA,NA,NA,NA,NA,NA,NA,NA,NA,NA,NA,NA,NA,NA,NA,NA,NA,NA,NA,NA,NA,NA,NA,NA,NA,NA,NA,NA,NA,NA,NA,NA,NA,NA,NA,NA,NA,NA,NA,NA,NA,NA,NA,NA,NA,NA,NA,NA,0,NA,NA,NA,NA,NA,NA,NA,NA,NA,NA,NA,NA,NA,NA,NA,Sample collected by Buddhadeb Samaddar,Debabrata Maity,1,vntmPzUZE9dnWTCy2cMMgv,7970,079f93d1-d2e1-4d13-966c-260027ab628e,2020-02-14T09:51:50,101,NA,NA,NA,NA,NA,NA,FPA2003
2020-02-13T12:37:00.705+05:30,2020-02-14T15:20:49.166+05:30,NA,NA,352155091473740,58,2,22.550949 88.3966657 -47.099998474121094 5.0,22.550949,88.3966657,-47.09999847,5,14,143,0,0,0,1,0,0,NA,NA,NA,NA,2072,2072,2020-02-13T12:39:00.000+05:30,1,0,1,NA,NA,NA,NA,NA,NA,NA,NA,NA,NA,NA,NA,NA,NA,NA,NA,NA,NA,NA,NA,NA,NA,NA,NA,NA,NA,FPc2003,1,1,0,0,0,NA,3,0,0,1,0,0,0,0,NA,NA,NA,NA,NA,NA,NA,NA,NA,NA,NA,NA,NA,NA,NA,NA,NA,NA,NA,NA,NA,NA,NA,NA,NA,NA,NA,NA,NA,NA,NA,NA,NA,NA,NA,NA,NA,NA,NA,NA,NA,NA,NA,NA,NA,NA,NA,NA,0,NA,NA,NA,NA,NA,NA,NA,NA,NA,NA,NA,NA,NA,NA,NA,Sample collected by Buddhadeb Samaddar,Debabrata Maity,1,vntmPzUZE9dnWTCy2cMMgv,7971,c10d3503-52d6-4553-875a-2bb534f28d69,2020-02-14T09:51:54,102,NA,NA,NA,NA,NA,NA,FPC2003
2020-02-13T12:38:31.585+05:30,2020-02-14T15:21:01.858+05:30,NA,NA,352155091473740,58,2,22.5509319 88.3967745 -52.900001525878906 4.5,22.5509319,88.3967745,-52.90000153,4.5,14,144,1,0,0,0,0,0,NA,NA,NA,NA,2072,2072,2020-02-13T12:43:00.000+05:30,1,0,1,NA,NA,NA,NA,NA,NA,NA,NA,NA,NA,NA,NA,NA,NA,NA,NA,NA,NA,NA,NA,NA,NA,NA,NA,NA,NA,NA,NA,NA,NA,NA,NA,NA,NA,NA,NA,NA,NA,NA,NA,NA,NA,FPd2003,4,NA,1,1,NA,NA,NA,NA,NA,NA,NA,NA,NA,NA,NA,NA,NA,NA,NA,NA,NA,NA,NA,NA,NA,NA,NA,NA,NA,NA,NA,NA,NA,NA,NA,NA,NA,NA,NA,NA,NA,NA,NA,NA,NA,NA,0,NA,NA,NA,NA,NA,NA,NA,NA,NA,NA,NA,NA,NA,NA,NA,Sample collected by Buddhadeb Samaddar,Debabrata Maity,1,vntmPzUZE9dnWTCy2cMMgv,7972,a67d5009-e1a5-462a-8057-1807c4e97bbb,2020-02-14T09:51:59,103,NA,NA,NA,NA,NA,NA,FPD2003
2020-02-13T12:40:27.015+05:30,2020-02-14T15:20:34.001+05:30,NA,NA,352155091473740,58,2,22.5509797 88.396646 -51.29999923706055 5.0,22.5509797,88.396646,-51.29999924,5,14,142,0,0,1,0,0,0,NA,NA,NA,NA,2072,2072,2020-02-13T12:46:00.000+05:30,1,0,1,NA,NA,NA,NA,NA,NA,NA,NA,NA,NA,NA,NA,NA,NA,NA,NA,NA,NA,FPb2003,1,1,0,0,0,0,NA,NA,NA,NA,NA,NA,NA,NA,NA,NA,NA,NA,NA,NA,NA,NA,NA,NA,NA,NA,NA,NA,NA,NA,NA,NA,NA,NA,NA,NA,NA,NA,NA,NA,NA,NA,NA,NA,NA,NA,NA,NA,NA,NA,NA,NA,NA,NA,NA,NA,NA,NA,NA,NA,NA,NA,NA,NA,NA,NA,NA,NA,NA,NA,0,NA,NA,NA,NA,NA,NA,NA,NA,NA,NA,NA,NA,NA,NA,NA,Sample collected by Buddhadeb Samaddar,Debabrata Maity,1,vntmPzUZE9dnWTCy2cMMgv,7973,8e2e4059-d8b2-47b7-8880-0d962bbf9127,2020-02-14T09:52:03,104,NA,NA,NA,NA,NA,NA,FPB2003
2020-02-13T12:41:47.094+05:30,2020-02-14T15:21:15.634+05:30,NA,NA,352155091473740,58,2,22.5509703 88.3966468 -51.70000076293945 5.0,22.5509703,88.3966468,-51.70000076,5,14,145,0,1,0,0,0,0,NA,NA,NA,NA,2072,2072,2020-02-13T12:49:00.000+05:30,1,0,1,NA,NA,NA,NA,NA,NA,NA,NA,NA,NA,NA,NA,NA,NA,NA,NA,NA,NA,NA,NA,NA,NA,NA,NA,NA,NA,NA,NA,NA,NA,NA,NA,NA,NA,NA,NA,NA,NA,NA,NA,NA,NA,NA,NA,NA,NA,NA,NA,NA,NA,FPe2003,2 4,0,0,0,1,0,1,NA,3,0,1,0,0,NA,NA,NA,NA,NA,NA,NA,NA,NA,NA,NA,NA,NA,NA,NA,NA,NA,NA,NA,NA,NA,NA,NA,NA,NA,0,NA,NA,NA,NA,NA,NA,NA,NA,NA,NA,NA,NA,NA,NA,NA,Sample collected by Buddhadeb Samaddar,Debabrata Maity,1,vntmPzUZE9dnWTCy2cMMgv,7974,74869319-bacf-4aa4-a10f-6ea2bd0bf0ec,2020-02-14T09:52:07,105,NA,NA,NA,NA,NA,NA,FPE2003
2020-02-13T13:01:12.444+05:30,2020-02-14T15:20:04.190+05:30,NA,NA,352155091473740,58,2,22.5509593 88.396686 -62.29999923706055 5.0,22.5509593,88.396686,-62.29999924,5,14,149,0,0,0,0,0,1,NA,NA,NA,NA,2072,2072,2020-02-13T13:02:00.000+05:30,1,0,1,NA,NA,NA,NA,NA,NA,NA,NA,NA,NA,NA,NA,NA,NA,NA,NA,NA,NA,NA,NA,NA,NA,NA,NA,NA,NA,NA,NA,NA,NA,NA,NA,NA,NA,NA,NA,NA,NA,NA,NA,NA,NA,NA,NA,NA,NA,NA,NA,NA,NA,NA,NA,NA,NA,NA,NA,NA,NA,NA,NA,NA,NA,NA,NA,NA,NA,NA,NA,NA,NA,NA,NA,NA,NA,NA,NA,NA,NA,NA,NA,NA,NA,NA,NA,NA,NA,NA,NA,NA,0,NA,NA,NA,NA,NA,NA,NA,NA,NA,NA,NA,NA,NA,NA,NA,"Sample collected by Buddhadeb, FB at HH ID 2072 Food Prep site",Debabrata Maity,1,vntmPzUZE9dnWTCy2cMMgv,7975,6d2f5884-75d5-4b58-ba8c-a5bdf501a9b4,2020-02-14T09:52:11,106,NA,NA,NA,NA,NA,NA,NA
2020-02-20T11:10:45.883+05:30,2020-02-20T15:23:19.200+05:30,NA,NA,352155091473740,58,2,22.5517692 88.3961316 -27.700000762939453 5.0,22.5517692,88.3961316,-27.70000076,5,14,141,0,0,0,0,1,0,NA,NA,NA,NA,2005,2005,2020-02-20T11:16:00.000+05:30,1,0,0,1,FPa2004,1,1,0,0,0,0,NA,5,0,0,0,0,1,0,0,NA,NA,NA,NA,NA,NA,NA,NA,NA,NA,NA,NA,NA,NA,NA,NA,NA,NA,NA,NA,NA,NA,NA,NA,NA,NA,NA,NA,NA,NA,NA,NA,NA,NA,NA,NA,NA,NA,NA,NA,NA,NA,NA,NA,NA,NA,NA,NA,NA,NA,NA,NA,NA,NA,NA,NA,NA,NA,NA,NA,NA,NA,NA,NA,NA,NA,NA,NA,NA,NA,NA,NA,0,NA,NA,NA,NA,NA,NA,NA,NA,NA,NA,NA,NA,NA,NA,NA,Sample collected by Somnath Sarkar,Debabrata Maity,1,vntmPzUZE9dnWTCy2cMMgv,8179,27c9bc85-c5c4-472b-8c01-ac01ad84e462,2020-02-20T09:54:14,108,NA,NA,NA,NA,NA,NA,FPA2004
2020-02-20T11:17:52.835+05:30,2020-02-20T15:23:27.871+05:30,NA,NA,352155091473740,58,2,22.5518628 88.3961998 -54.79999923706055 5.0,22.5518628,88.3961998,-54.79999924,5,14,143,0,0,0,1,0,0,NA,NA,NA,NA,2005,2005,2020-02-20T11:21:00.000+05:30,1,0,0,1,NA,NA,NA,NA,NA,NA,NA,NA,NA,NA,NA,NA,NA,NA,NA,NA,NA,NA,NA,NA,NA,NA,NA,NA,NA,FPc2004,1,1,0,0,0,NA,4,0,0,0,0,0,1,0,NA,NA,NA,NA,NA,NA,NA,NA,NA,NA,NA,NA,NA,NA,NA,NA,NA,NA,NA,NA,NA,NA,NA,NA,NA,NA,NA,NA,NA,NA,NA,NA,NA,NA,NA,NA,NA,NA,NA,NA,NA,NA,NA,NA,NA,NA,NA,NA,0,NA,NA,NA,NA,NA,NA,NA,NA,NA,NA,NA,NA,NA,NA,NA,Sample collected by Somnath Sarkar,Debabrata Maity,1,vntmPzUZE9dnWTCy2cMMgv,8180,1de249ef-daa8-4dd5-9d58-8aa6563e29aa,2020-02-20T09:54:17,109,NA,NA,NA,NA,NA,NA,FPC2004
2020-02-20T11:20:21.747+05:30,2020-02-20T15:23:32.297+05:30,NA,NA,352155091473740,58,2,22.5518327 88.3961716 -47.79999923706055 5.0,22.5518327,88.3961716,-47.79999924,5,14,144,1,0,0,0,0,0,NA,NA,NA,NA,2005,2005,2020-02-20T11:26:00.000+05:30,1,0,0,1,NA,NA,NA,NA,NA,NA,NA,NA,NA,NA,NA,NA,NA,NA,NA,NA,NA,NA,NA,NA,NA,NA,NA,NA,NA,NA,NA,NA,NA,NA,NA,NA,NA,NA,NA,NA,NA,NA,NA,NA,NA,FPd2004,4,NA,1,1,NA,NA,NA,NA,NA,NA,NA,NA,NA,NA,NA,NA,NA,NA,NA,NA,NA,NA,NA,NA,NA,NA,NA,NA,NA,NA,NA,NA,NA,NA,NA,NA,NA,NA,NA,NA,NA,NA,NA,NA,NA,NA,0,NA,NA,NA,NA,NA,NA,NA,NA,NA,NA,NA,NA,NA,NA,NA,Sample collected by Somnath Sarkar,Debabrata Maity,1,vntmPzUZE9dnWTCy2cMMgv,8181,d2ec36b0-bae8-4778-aecf-3fe8143397d3,2020-02-20T09:54:20,110,NA,NA,NA,NA,NA,NA,FPD2004
2020-02-20T11:23:06.721+05:30,2020-02-20T15:23:23.653+05:30,NA,NA,352155091473740,58,2,22.5518603 88.3961433 -52.099998474121094 5.0,22.5518603,88.3961433,-52.09999847,5,14,142,0,0,1,0,0,0,NA,NA,NA,NA,2005,2005,2020-02-20T11:30:00.000+05:30,1,0,0,1,NA,NA,NA,NA,NA,NA,NA,NA,NA,NA,NA,NA,NA,NA,NA,NA,NA,FPb2004,1,1,0,0,0,0,NA,NA,NA,NA,NA,NA,NA,NA,NA,NA,NA,NA,NA,NA,NA,NA,NA,NA,NA,NA,NA,NA,NA,NA,NA,NA,NA,NA,NA,NA,NA,NA,NA,NA,NA,NA,NA,NA,NA,NA,NA,NA,NA,NA,NA,NA,NA,NA,NA,NA,NA,NA,NA,NA,NA,NA,NA,NA,NA,NA,NA,NA,NA,NA,0,NA,NA,NA,NA,NA,NA,NA,NA,NA,NA,NA,NA,NA,NA,NA,Sample collected by Somnath Sarkar,Debabrata Maity,1,vntmPzUZE9dnWTCy2cMMgv,8182,b7427cf0-0e05-44f3-af64-fba0c4c3ccaf,2020-02-20T09:54:24,111,NA,NA,NA,NA,NA,NA,FPB2004
2020-02-20T11:24:55.131+05:30,2020-02-20T15:23:36.999+05:30,NA,NA,352155091473740,58,2,22.5518223 88.3961537 -42.400001525878906 5.0,22.5518223,88.3961537,-42.40000153,5,14,145,0,1,0,0,0,0,NA,NA,NA,NA,2005,2005,2020-02-20T11:35:00.000+05:30,1,0,0,1,NA,NA,NA,NA,NA,NA,NA,NA,NA,NA,NA,NA,NA,NA,NA,NA,NA,NA,NA,NA,NA,NA,NA,NA,NA,NA,NA,NA,NA,NA,NA,NA,NA,NA,NA,NA,NA,NA,NA,NA,NA,NA,NA,NA,NA,NA,NA,NA,NA,FPe2004,4,0,0,0,0,0,1,NA,3,0,1,0,0,NA,NA,NA,NA,NA,NA,NA,NA,NA,NA,NA,NA,NA,NA,NA,NA,NA,NA,NA,NA,NA,NA,NA,NA,NA,0,NA,NA,NA,NA,NA,NA,NA,NA,NA,NA,NA,NA,NA,NA,NA,Sample collected by Somnath Sarkar,Debabrata Maity,1,vntmPzUZE9dnWTCy2cMMgv,8183,774318db-f446-4c0c-a46d-ebf37d714cdc,2020-02-20T09:54:28,112,NA,NA,NA,NA,NA,NA,FPE2004
2020-02-20T11:36:26.844+05:30,2020-02-20T15:23:14.200+05:30,NA,NA,352155091473740,58,2,22.5518273 88.3961057 -54.29999923706055 5.0,22.5518273,88.3961057,-54.29999924,5,14,149,0,0,0,0,0,1,NA,NA,NA,NA,2005,2005,2020-02-20T11:40:00.000+05:30,1,0,0,1,NA,NA,NA,NA,NA,NA,NA,NA,NA,NA,NA,NA,NA,NA,NA,NA,NA,NA,NA,NA,NA,NA,NA,NA,NA,NA,NA,NA,NA,NA,NA,NA,NA,NA,NA,NA,NA,NA,NA,NA,NA,NA,NA,NA,NA,NA,NA,NA,NA,NA,NA,NA,NA,NA,NA,NA,NA,NA,NA,NA,NA,NA,NA,NA,NA,NA,NA,NA,NA,NA,NA,NA,NA,NA,NA,NA,NA,NA,NA,NA,NA,NA,NA,NA,NA,NA,NA,NA,0,NA,NA,NA,NA,NA,NA,NA,NA,NA,NA,NA,NA,NA,NA,NA,Sample collected by Somnath Sarkar,Debabrata Maity,1,vntmPzUZE9dnWTCy2cMMgv,8184,c889fe30-39e9-4217-9027-fbf744eb82e1,2020-02-20T09:54:31,113,NA,NA,NA,NA,NA,NA,NA
2020-02-27T11:06:01.676+05:30,2020-02-27T17:12:34.940+05:30,NA,NA,352155091473740,58,2,22.5511508 88.39654 -63.599998474121094 5.0,22.5511508,88.39654,-63.59999847,5,14,141,0,0,0,0,1,0,NA,NA,NA,NA,2038,2038,2020-02-27T11:08:00.000+05:30,1,0,1,NA,FPa2005,1 3,1,1,0,0,0,NA,4 5,0,0,0,0,1,1,0,NA,NA,NA,NA,NA,NA,NA,NA,NA,NA,NA,NA,NA,NA,NA,NA,NA,NA,NA,NA,NA,NA,NA,NA,NA,NA,NA,NA,NA,NA,NA,NA,NA,NA,NA,NA,NA,NA,NA,NA,NA,NA,NA,NA,NA,NA,NA,NA,NA,NA,NA,NA,NA,NA,NA,NA,NA,NA,NA,NA,NA,NA,NA,NA,NA,NA,NA,NA,NA,NA,NA,NA,0,NA,NA,NA,NA,NA,NA,NA,NA,NA,NA,NA,NA,NA,NA,NA,Sample collected by Somnath Sarkar,Debabrata Maity,1,vntmPzUZE9dnWTCy2cMMgv,8393,f0d3a690-7eb2-4fa8-aaa1-f735a845b1e6,2020-02-27T11:43:31,114,NA,NA,NA,NA,NA,NA,FPA2005
2020-02-27T11:10:11.613+05:30,2020-02-27T17:12:46.613+05:30,NA,NA,352155091473740,58,2,22.5511749 88.3963909 -76.9000015258789 5.0,22.5511749,88.3963909,-76.90000153,5,14,143,0,0,0,1,0,0,NA,NA,NA,NA,2038,2038,2020-02-27T11:13:00.000+05:30,1,0,1,NA,NA,NA,NA,NA,NA,NA,NA,NA,NA,NA,NA,NA,NA,NA,NA,NA,NA,NA,NA,NA,NA,NA,NA,NA,NA,FPc2005,3,0,1,0,0,NA,3,0,0,1,0,0,0,0,NA,NA,NA,NA,NA,NA,NA,NA,NA,NA,NA,NA,NA,NA,NA,NA,NA,NA,NA,NA,NA,NA,NA,NA,NA,NA,NA,NA,NA,NA,NA,NA,NA,NA,NA,NA,NA,NA,NA,NA,NA,NA,NA,NA,NA,NA,NA,NA,0,NA,NA,NA,NA,NA,NA,NA,NA,NA,NA,NA,NA,NA,NA,NA,Sample collected by Somnath Sarkar,Debabrata Maity,1,vntmPzUZE9dnWTCy2cMMgv,8394,be2e8aac-bc4e-43f0-9b3c-b11dc3fd8882,2020-02-27T11:43:35,115,NA,NA,NA,NA,NA,NA,FPC2005
2020-02-27T11:11:50.339+05:30,2020-02-27T17:12:39.640+05:30,NA,NA,352155091473740,58,2,22.5511165 88.3965272 -45.599998474121094 5.0,22.5511165,88.3965272,-45.59999847,5,14,142,0,0,1,0,0,0,NA,NA,NA,NA,2038,2038,2020-02-27T11:18:00.000+05:30,1,0,1,NA,NA,NA,NA,NA,NA,NA,NA,NA,NA,NA,NA,NA,NA,NA,NA,NA,NA,FPb2005,1,1,0,0,0,0,NA,NA,NA,NA,NA,NA,NA,NA,NA,NA,NA,NA,NA,NA,NA,NA,NA,NA,NA,NA,NA,NA,NA,NA,NA,NA,NA,NA,NA,NA,NA,NA,NA,NA,NA,NA,NA,NA,NA,NA,NA,NA,NA,NA,NA,NA,NA,NA,NA,NA,NA,NA,NA,NA,NA,NA,NA,NA,NA,NA,NA,NA,NA,NA,0,NA,NA,NA,NA,NA,NA,NA,NA,NA,NA,NA,NA,NA,NA,NA,Sample collected by Somnath Sarkar,Debabrata Maity,1,vntmPzUZE9dnWTCy2cMMgv,8395,74a1c58e-d00e-4c1a-8fcd-7f25df303432,2020-02-27T11:43:38,116,NA,NA,NA,NA,NA,NA,FPB2005
2020-02-27T11:13:32.950+05:30,2020-02-27T17:12:52.102+05:30,NA,NA,352155091473740,58,2,22.5511645 88.3964197 -77.4000015258789 5.0,22.5511645,88.3964197,-77.40000153,5,14,144,1,0,0,0,0,0,NA,NA,NA,NA,2038,2038,2020-02-27T11:22:00.000+05:30,1,0,1,NA,NA,NA,NA,NA,NA,NA,NA,NA,NA,NA,NA,NA,NA,NA,NA,NA,NA,NA,NA,NA,NA,NA,NA,NA,NA,NA,NA,NA,NA,NA,NA,NA,NA,NA,NA,NA,NA,NA,NA,NA,NA,FPd2005,4,NA,1,1,NA,NA,NA,NA,NA,NA,NA,NA,NA,NA,NA,NA,NA,NA,NA,NA,NA,NA,NA,NA,NA,NA,NA,NA,NA,NA,NA,NA,NA,NA,NA,NA,NA,NA,NA,NA,NA,NA,NA,NA,NA,NA,0,NA,NA,NA,NA,NA,NA,NA,NA,NA,NA,NA,NA,NA,NA,NA,Sample collected by Somnath Sarkar,Debabrata Maity,1,vntmPzUZE9dnWTCy2cMMgv,8396,cdf8ee1b-8ad4-4b48-b2d7-831750e39837,2020-02-27T11:43:42,117,NA,NA,NA,NA,NA,NA,FPD2005
2020-02-27T11:15:04.591+05:30,2020-02-27T17:12:56.727+05:30,NA,NA,352155091473740,58,2,22.551202 88.3964122 -71.69999694824219 5.0,22.551202,88.3964122,-71.69999695,5,14,145,0,1,0,0,0,0,NA,NA,NA,NA,2038,2038,2020-02-27T11:28:00.000+05:30,1,0,1,NA,NA,NA,NA,NA,NA,NA,NA,NA,NA,NA,NA,NA,NA,NA,NA,NA,NA,NA,NA,NA,NA,NA,NA,NA,NA,NA,NA,NA,NA,NA,NA,NA,NA,NA,NA,NA,NA,NA,NA,NA,NA,NA,NA,NA,NA,NA,NA,NA,NA,FPe2005,4,0,0,0,0,0,1,NA,3,0,1,0,0,NA,NA,NA,NA,NA,NA,NA,NA,NA,NA,NA,NA,NA,NA,NA,NA,NA,NA,NA,NA,NA,NA,NA,NA,NA,0,NA,NA,NA,NA,NA,NA,NA,NA,NA,NA,NA,NA,NA,NA,NA,Sample collected by Somnath Sarkar,Debabrata Maity,1,vntmPzUZE9dnWTCy2cMMgv,8397,44a5e141-162b-41f1-bca6-2486dba0a12e,2020-02-27T11:43:45,118,NA,NA,NA,NA,NA,NA,FPE2005
2020-02-27T11:28:18.808+05:30,2020-02-27T17:12:30.152+05:30,NA,NA,352155091473740,58,2,22.5511258 88.3965032 -45.5 5.0,22.5511258,88.3965032,-45.5,5,14,149,0,0,0,0,0,1,NA,NA,NA,NA,2038,2038,2020-02-27T11:31:00.000+05:30,1,0,1,NA,NA,NA,NA,NA,NA,NA,NA,NA,NA,NA,NA,NA,NA,NA,NA,NA,NA,NA,NA,NA,NA,NA,NA,NA,NA,NA,NA,NA,NA,NA,NA,NA,NA,NA,NA,NA,NA,NA,NA,NA,NA,NA,NA,NA,NA,NA,NA,NA,NA,NA,NA,NA,NA,NA,NA,NA,NA,NA,NA,NA,NA,NA,NA,NA,NA,NA,NA,NA,NA,NA,NA,NA,NA,NA,NA,NA,NA,NA,NA,NA,NA,NA,NA,NA,NA,NA,NA,NA,0,NA,NA,NA,NA,NA,NA,NA,NA,NA,NA,NA,NA,NA,NA,NA,Sample collected by Somnath Sarkar,Debabrata Maity,1,vntmPzUZE9dnWTCy2cMMgv,8398,a696fb25-1122-4a83-95da-79fe144adb48,2020-02-27T11:43:48,119,NA,NA,NA,NA,NA,NA,NA
